case_id,shape,rho,rho_stratum,spacing,area_true_um2,area_est_um2,area_rel_err,volume_true_um3,volume_voxel_um3,volume_rel_err,area_est_um2_frozen,area_rel_err_frozen,volume_voxel_um3_frozen
dev-000-sphere-size3-sp1x1x1-offset0,sphere,3,small(3-6),1x1x1,113.097335529,120.712677002,0.0673344021509,113.097335529,110,-0.0273864588829,120.712677,0.06733440215,110
dev-001-sphere-size3-sp1x1x1-offset1,sphere,3,small(3-6),1x1x1,113.097335529,119.094055176,0.0530226430047,113.097335529,112,-0.0097025763171,119.0940552,0.053022643,112
dev-002-sphere-size3-sp1x1x1-offset2,sphere,3,small(3-6),1x1x1,113.097335529,121.195899963,0.0716070312024,113.097335529,114,0.00798130624867,121.1959,0.0716070312,114
dev-003-sphere-size6-sp1x1x1-offset0,sphere,6,medium(6-12),1x1x1,452.389342117,490.147247314,0.0834632951803,904.778684234,911,0.00687606358831,490.1472473,0.08346329518,911
dev-004-sphere-size6-sp1x1x1-offset1,sphere,6,medium(6-12),1x1x1,452.389342117,483.042694092,0.0677587845713,904.778684234,891,-0.0152287896189,483.0426941,0.06775878457,891
dev-005-sphere-size6-sp1x1x1-offset2,sphere,6,medium(6-12),1x1x1,452.389342117,486.642120361,0.0757152635031,904.778684234,900,-0.00528160567565,486.6421204,0.0757152635,900
dev-006-sphere-size12-sp1x1x1-offset0,sphere,12,large(>=12),1x1x1,1809.55736847,1963.22790527,0.0849216164591,7238.22947387,7236,-0.000308013704032,1963.227905,0.08492161646,7236
dev-007-sphere-size12-sp1x1x1-offset1,sphere,12,large(>=12),1x1x1,1809.55736847,1965.57324219,0.0862176996642,7238.22947387,7249,0.00148800561905,1965.573242,0.08621769966,7249
dev-008-sphere-size12-sp1x1x1-offset2,sphere,12,large(>=12),1x1x1,1809.55736847,1969.22875977,0.0882378166508,7238.22947387,7249,0.00148800561905,1969.22876,0.08823781665,7249
dev-009-sphere-size24-sp1x1x1-offset0,sphere,24,large(>=12),1x1x1,7238.22947387,7873.00976562,0.0876982823003,57905.835791,57895,-0.000187127788055,7873.009766,0.0876982823,57895
dev-010-sphere-size24-sp1x1x1-offset1,sphere,24,large(>=12),1x1x1,7238.22947387,7858.17333984,0.0856485509627,57905.835791,57853,-0.000912443283917,7858.17334,0.08564855096,57853
dev-011-sphere-size24-sp1x1x1-offset2,sphere,24,large(>=12),1x1x1,7238.22947387,7881.21777344,0.0888322623492,57905.835791,57925,0.000330954708989,7881.217773,0.08883226235,57925
dev-012-sphere-size36-sp1x1x1-offset0,sphere,36,large(>=12),1x1x1,16286.0163162,17722.6992188,0.0882157351832,195432.195795,195459,0.000137153478613,17722.69922,0.08821573518,195459
dev-013-sphere-size36-sp1x1x1-offset1,sphere,36,large(>=12),1x1x1,16286.0163162,17712.7460938,0.0876045897191,195432.195795,195412,-0.000103339137299,17712.74609,0.08760458972,195412
dev-014-sphere-size36-sp1x1x1-offset2,sphere,36,large(>=12),1x1x1,16286.0163162,17718.2734375,0.0879439817253,195432.195795,195476,0.000224140169475,17718.27344,0.08794398173,195476
dev-015-ellipsoid-size6-sp1x1x1-rot0,ellipsoid,3,small(3-6),1x1x1,250.977982262,270.605712891,0.0782049901439,339.292006588,342,0.00798130624867,270.6057129,0.07820499014,342
dev-016-ellipsoid-size6-sp1x1x1-rot1,ellipsoid,3,small(3-6),1x1x1,250.977982262,268.937255859,0.0715571678281,339.292006588,340,0.00208667872675,268.9372559,0.07155716783,340
dev-017-ellipsoid-size6-sp1x1x1-rot2,ellipsoid,3,small(3-6),1x1x1,250.977982262,262.844238281,0.0472800678083,339.292006588,336,-0.0097025763171,262.8442383,0.04728006781,336
dev-018-ellipsoid-size6-sp1x1x1-rot3,ellipsoid,3,small(3-6),1x1x1,250.977982262,268.261230469,0.0688636032989,339.292006588,339,-0.000860635034213,268.2612305,0.0688636033,339
dev-019-ellipsoid-size12-sp1x1x1-rot0,ellipsoid,6,medium(6-12),1x1x1,1003.91192905,1085.80236816,0.0815713378322,2714.3360527,2699,-0.00565001989577,1085.802368,0.08157133783,2699
dev-020-ellipsoid-size12-sp1x1x1-rot1,ellipsoid,6,medium(6-12),1x1x1,1003.91192905,1088.82617188,0.0845833587311,2714.3360527,2723,0.00319192138711,1088.826172,0.08458335873,2723
dev-021-ellipsoid-size12-sp1x1x1-rot2,ellipsoid,6,medium(6-12),1x1x1,1003.91192905,1087.06860352,0.0828326390628,2714.3360527,2722,0.00282350716699,1087.068604,0.08283263906,2722
dev-022-ellipsoid-size12-sp1x1x1-rot3,ellipsoid,6,medium(6-12),1x1x1,1003.91192905,1083.80224609,0.0795790096085,2714.3360527,2713,-0.000492220814092,1083.802246,0.07957900961,2713
dev-023-ellipsoid-size24-sp1x1x1-rot0,ellipsoid,12,large(>=12),1x1x1,4015.64771618,4353.79589844,0.0842076312846,21714.6884216,21668,-0.00215008480463,4353.795898,0.08420763128,21668
dev-024-ellipsoid-size24-sp1x1x1-rot1,ellipsoid,12,large(>=12),1x1x1,4015.64771618,4371.18164062,0.0885371301391,21714.6884216,21704,-0.000492220814092,4371.181641,0.08853713014,21704
dev-025-ellipsoid-size24-sp1x1x1-rot2,ellipsoid,12,large(>=12),1x1x1,4015.64771618,4360.12011719,0.0857825250992,21714.6884216,21733,0.000843280733843,4360.120117,0.0857825251,21733
dev-026-ellipsoid-size24-sp1x1x1-rot3,ellipsoid,12,large(>=12),1x1x1,4015.64771618,4365.30566406,0.0870738602066,21714.6884216,21689,-0.00118299747682,4365.305664,0.08707386021,21689
dev-027-ellipsoid-size48-sp1x1x1-rot0,ellipsoid,24,large(>=12),1x1x1,16062.5908647,17489.0117188,0.0888039087856,173717.507373,173754,0.000210068793012,17489.01172,0.08880390879,173754
dev-028-ellipsoid-size48-sp1x1x1-rot1,ellipsoid,24,large(>=12),1x1x1,16062.5908647,17494.8144531,0.0891651664696,173717.507373,173716,-8.67715018471e-06,17494.81445,0.08916516647,173716
dev-029-ellipsoid-size48-sp1x1x1-rot2,ellipsoid,24,large(>=12),1x1x1,16062.5908647,17447.9960938,0.086250421285,173717.507373,173709,-4.89724555104e-05,17447.99609,0.08625042129,173709
dev-030-ellipsoid-size48-sp1x1x1-rot3,ellipsoid,24,large(>=12),1x1x1,16062.5908647,17479.734375,0.0882263342319,173717.507373,173707,-6.04853998891e-05,17479.73438,0.08822633423,173707
dev-031-cylinder-size3-sp1x1x1-rot0,cylinder,3,small(3-6),1x1x1,226.194671058,217.947723389,-0.0364595135297,254.469004941,252,-0.0097025763171,217.9477234,-0.03645951353,252
dev-032-cylinder-size3-sp1x1x1-rot1,cylinder,3,small(3-6),1x1x1,226.194671058,233.977294922,0.0344067516135,254.469004941,253,-0.00577282463581,233.9772949,0.03440675161,253
dev-033-cylinder-size3-sp1x1x1-rot2,cylinder,3,small(3-6),1x1x1,226.194671058,236.702102661,0.0464530466323,254.469004941,258,0.0138759337706,236.7021027,0.04645304663,258
dev-034-cylinder-size3-sp1x1x1-rot3,cylinder,3,small(3-6),1x1x1,226.194671058,237.742492676,0.0510525803428,254.469004941,258,0.0138759337706,237.7424927,0.05105258034,258
dev-035-cylinder-size6-sp1x1x1-rot0,cylinder,6,medium(6-12),1x1x1,904.778684234,925.383728027,0.0227735734192,2035.75203953,2088,0.0256651888144,925.383728,0.02277357342,2088
dev-036-cylinder-size6-sp1x1x1-rot1,cylinder,6,medium(6-12),1x1x1,904.778684234,965.300292969,0.0668910638474,2035.75203953,2032,-0.00184307295453,965.300293,0.06689106385,2032
dev-037-cylinder-size6-sp1x1x1-rot2,cylinder,6,medium(6-12),1x1x1,904.778684234,974.569824219,0.0771361452265,2035.75203953,2043,0.00356033560723,974.5698242,0.07713614523,2043
dev-038-cylinder-size6-sp1x1x1-rot3,cylinder,6,medium(6-12),1x1x1,904.778684234,974.030883789,0.0765404852722,2035.75203953,2034,-0.000860635034213,974.0308838,0.07654048527,2034
dev-039-cylinder-size12-sp1x1x1-rot0,cylinder,12,large(>=12),1x1x1,3619.11473694,3725.26318359,0.0293299478944,16286.0163162,16272,-0.000860635034213,3725.263184,0.02932994789,16272
dev-040-cylinder-size12-sp1x1x1-rot1,cylinder,12,large(>=12),1x1x1,3619.11473694,3918.28710938,0.0826645172054,16286.0163162,16289,0.000183205256128,3918.287109,0.08266451721,16289
dev-041-cylinder-size12-sp1x1x1-rot2,cylinder,12,large(>=12),1x1x1,3619.11473694,3920.60473633,0.0833049022502,16286.0163162,16293,0.000428814736208,3920.604736,0.08330490225,16293
dev-042-cylinder-size12-sp1x1x1-rot3,cylinder,12,large(>=12),1x1x1,3619.11473694,3948.3269043,0.0909648329194,16286.0163162,16278,-0.000492220814092,3948.326904,0.09096483292,16278
dev-043-cylinder-size24-sp1x1x1-rot0,cylinder,24,large(>=12),1x1x1,14476.4589477,14947.625,0.0325470513168,130288.13053,130104,-0.00141325636439,14947.625,0.03254705132,130104
dev-044-cylinder-size24-sp1x1x1-rot1,cylinder,24,large(>=12),1x1x1,14476.4589477,15807.7978516,0.0919657844938,130288.13053,130304,0.000121802886108,15807.79785,0.09196578449,130304
dev-045-cylinder-size24-sp1x1x1-rot2,cylinder,24,large(>=12),1x1x1,14476.4589477,15789.2402344,0.0906838676069,130288.13053,130315,0.000206231144885,15789.24023,0.09068386761,130315
dev-046-cylinder-size24-sp1x1x1-rot3,cylinder,24,large(>=12),1x1x1,14476.4589477,15894.1015625,0.097927443436,130288.13053,130315,0.000206231144885,15894.10156,0.09792744344,130315
dev-047-sphere-size3-sp2x1x1-offset0,sphere,1.5,very_small(<3),2x1x1,113.097335529,120.077651978,0.0617195481719,113.097335529,114,0.00798130624867,120.077652,0.06171954817,114
dev-048-sphere-size3-sp2x1x1-offset1,sphere,1.5,very_small(<3),2x1x1,113.097335529,120.318092346,0.0638455077935,113.097335529,108,-0.0450703414486,120.3180923,0.06384550779,108
dev-049-sphere-size3-sp2x1x1-offset2,sphere,1.5,very_small(<3),2x1x1,113.097335529,119.515960693,0.056753106818,113.097335529,110,-0.0273864588829,119.5159607,0.05675310682,110
dev-050-sphere-size6-sp2x1x1-offset0,sphere,3,small(3-6),2x1x1,452.389342117,493.876708984,0.0917072154558,904.778684234,890,-0.0163340322793,493.876709,0.09170721546,890
dev-051-sphere-size6-sp2x1x1-offset1,sphere,3,small(3-6),2x1x1,452.389342117,496.00567627,0.096413266388,904.778684234,894,-0.0119130616378,496.0056763,0.09641326639,894
dev-052-sphere-size6-sp2x1x1-offset2,sphere,3,small(3-6),2x1x1,452.389342117,499.020996094,0.103078586597,904.778684234,900,-0.00528160567565,499.0209961,0.1030785866,900
dev-053-sphere-size12-sp2x1x1-offset0,sphere,6,medium(6-12),2x1x1,1809.55736847,2007.57800293,0.109430426419,7238.22947387,7190,-0.0066631590011,2007.578003,0.1094304264,7190
dev-054-sphere-size12-sp2x1x1-offset1,sphere,6,medium(6-12),2x1x1,1809.55736847,2026.17602539,0.119708090331,7238.22947387,7236,-0.000308013704032,2026.176025,0.1197080903,7236
dev-055-sphere-size12-sp2x1x1-offset2,sphere,6,medium(6-12),2x1x1,1809.55736847,2024.45788574,0.118758609713,7238.22947387,7236,-0.000308013704032,2024.457886,0.1187586097,7236
dev-056-sphere-size24-sp2x1x1-offset0,sphere,12,large(>=12),2x1x1,7238.22947387,8131.34960938,0.123389309323,57905.835791,57938,0.000555457124374,8131.349609,0.1233893093,57938
dev-057-sphere-size24-sp2x1x1-offset1,sphere,12,large(>=12),2x1x1,7238.22947387,8135.04101562,0.123899296781,57905.835791,57914,0.000140991126739,8135.041016,0.1238992968,57914
dev-058-sphere-size24-sp2x1x1-offset2,sphere,12,large(>=12),2x1x1,7238.22947387,8107.81445312,0.120137801985,57905.835791,57862,-0.000757018534804,8107.814453,0.120137802,57862
dev-059-sphere-size36-sp2x1x1-offset0,sphere,18,large(>=12),2x1x1,16286.0163162,18302.859375,0.123838943768,195432.195795,195526,0.000479983377891,18302.85938,0.1238389438,195526
dev-060-sphere-size36-sp2x1x1-offset1,sphere,18,large(>=12),2x1x1,16286.0163162,18286.7167969,0.122847751213,195432.195795,195392,-0.000205676420666,18286.7168,0.1228477512,195392
dev-061-sphere-size36-sp2x1x1-offset2,sphere,18,large(>=12),2x1x1,16286.0163162,18300.2421875,0.123678242253,195432.195795,195472,0.000203672712801,18300.24219,0.1236782423,195472
dev-062-ellipsoid-size6-sp2x1x1-rot0,ellipsoid,1.5,very_small(<3),2x1x1,250.977982262,263.907318115,0.0515158171932,339.292006588,344,0.0138759337706,263.9073181,0.05151581719,344
dev-063-ellipsoid-size6-sp2x1x1-rot1,ellipsoid,1.5,very_small(<3),2x1x1,250.977982262,264.224182129,0.0527783343703,339.292006588,336,-0.0097025763171,264.2241821,0.05277833437,336
dev-064-ellipsoid-size6-sp2x1x1-rot2,ellipsoid,1.5,very_small(<3),2x1x1,250.977982262,269.046020508,0.0719905311354,339.292006588,328,-0.0332810864048,269.0460205,0.07199053114,328
dev-065-ellipsoid-size6-sp2x1x1-rot3,ellipsoid,1.5,very_small(<3),2x1x1,250.977982262,271.932403564,0.083491074054,339.292006588,338,-0.00380794879517,271.9324036,0.08349107405,338
dev-066-ellipsoid-size12-sp2x1x1-rot0,ellipsoid,3,small(3-6),2x1x1,1003.91192905,1094.28491211,0.0900208279716,2714.3360527,2728,0.00503399248771,1094.284912,0.09002082797,2728
dev-067-ellipsoid-size12-sp2x1x1-rot1,ellipsoid,3,small(3-6),2x1x1,1003.91192905,1093.50561523,0.0892445677714,2714.3360527,2708,-0.00233429191469,1093.505615,0.08924456777,2708
dev-068-ellipsoid-size12-sp2x1x1-rot2,ellipsoid,3,small(3-6),2x1x1,1003.91192905,1139.18188477,0.134742851246,2714.3360527,2712,-0.000860635034213,1139.181885,0.1347428512,2712
dev-069-ellipsoid-size12-sp2x1x1-rot3,ellipsoid,3,small(3-6),2x1x1,1003.91192905,1094.7668457,0.0905008836217,2714.3360527,2712,-0.000860635034213,1094.766846,0.09050088362,2712
dev-070-ellipsoid-size24-sp2x1x1-rot0,ellipsoid,6,medium(6-12),2x1x1,4015.64771618,4354.83789062,0.0844671142525,21714.6884216,21602,-0.00518950212062,4354.837891,0.08446711425,21602
dev-071-ellipsoid-size24-sp2x1x1-rot1,ellipsoid,6,medium(6-12),2x1x1,4015.64771618,4437.52539062,0.105058437457,21714.6884216,21744,0.00134985028651,4437.525391,0.1050584375,21744
dev-072-ellipsoid-size24-sp2x1x1-rot2,ellipsoid,6,medium(6-12),2x1x1,4015.64771618,4548.16162109,0.132609716426,21714.6884216,21678,-0.00168956702948,4548.161621,0.1326097164,21678
dev-073-ellipsoid-size24-sp2x1x1-rot3,ellipsoid,6,medium(6-12),2x1x1,4015.64771618,4430.65966797,0.103348695184,21714.6884216,21754,0.00181036806166,4430.659668,0.1033486952,21754
dev-074-ellipsoid-size48-sp2x1x1-rot0,ellipsoid,12,large(>=12),2x1x1,16062.5908647,17557.3261719,0.0930569246098,173717.507373,173714,-2.01900945634e-05,17557.32617,0.09305692461,173714
dev-075-ellipsoid-size48-sp2x1x1-rot1,ellipsoid,12,large(>=12),2x1x1,16062.5908647,17704.46875,0.102217500221,173717.507373,173780,0.000359737069935,17704.46875,0.1022175002,173780
dev-076-ellipsoid-size48-sp2x1x1-rot2,ellipsoid,12,large(>=12),2x1x1,16062.5908647,18245.4179688,0.135895082082,173717.507373,173726,4.88875717091e-05,18245.41797,0.1358950821,173726
dev-077-ellipsoid-size48-sp2x1x1-rot3,ellipsoid,12,large(>=12),2x1x1,16062.5908647,17695.8925781,0.101683578144,173717.507373,173650,-0.000388604314684,17695.89258,0.1016835781,173650
dev-078-cylinder-size3-sp2x1x1-rot0,cylinder,1.5,very_small(<3),2x1x1,226.194671058,184.272369385,-0.185337264921,254.469004941,208,-0.182611650293,184.2723694,-0.1853372649,208
dev-079-cylinder-size3-sp2x1x1-rot1,cylinder,1.5,very_small(<3),2x1x1,226.194671058,229.208847046,0.0133255835486,254.469004941,260,0.0217354371332,229.208847,0.01332558355,260
dev-080-cylinder-size3-sp2x1x1-rot2,cylinder,1.5,very_small(<3),2x1x1,226.194671058,228.51675415,0.0102658611764,254.469004941,240,-0.0568595964925,228.5167542,0.01026586118,240
dev-081-cylinder-size3-sp2x1x1-rot3,cylinder,1.5,very_small(<3),2x1x1,226.194671058,229.755020142,0.0157401987698,254.469004941,260,0.0217354371332,229.7550201,0.01574019877,260
dev-082-cylinder-size6-sp2x1x1-rot0,cylinder,3,small(3-6),2x1x1,904.778684234,912.505126953,0.00853959410616,2035.75203953,2034,-0.000860635034213,912.505127,0.008539594106,2034
dev-083-cylinder-size6-sp2x1x1-rot1,cylinder,3,small(3-6),2x1x1,904.778684234,972.187133789,0.0745026941172,2035.75203953,2044,0.00405155456739,972.1871338,0.07450269412,2044
dev-084-cylinder-size6-sp2x1x1-rot2,cylinder,3,small(3-6),2x1x1,904.778684234,1003.98193359,0.109643663239,2035.75203953,2062,0.0128934958503,1003.981934,0.1096436632,2062
dev-085-cylinder-size6-sp2x1x1-rot3,cylinder,3,small(3-6),2x1x1,904.778684234,954.801269531,0.0552870952522,2035.75203953,2024,-0.00577282463581,954.8012695,0.05528709525,2024
dev-086-cylinder-size12-sp2x1x1-rot0,cylinder,6,medium(6-12),2x1x1,3619.11473694,3712.77392578,0.0258790327618,16286.0163162,16272,-0.000860635034213,3712.773926,0.02587903276,16272
dev-087-cylinder-size12-sp2x1x1-rot1,cylinder,6,medium(6-12),2x1x1,3619.11473694,3919.73535156,0.0830646819674,16286.0163162,16322,0.00220948346679,3919.735352,0.08306468197,16322
dev-088-cylinder-size12-sp2x1x1-rot2,cylinder,6,medium(6-12),2x1x1,3619.11473694,4065.96679688,0.123469989879,16286.0163162,16286,-1.00185393226e-06,4065.966797,0.1234699899,16286
dev-089-cylinder-size12-sp2x1x1-rot3,cylinder,6,medium(6-12),2x1x1,3619.11473694,3908.19018555,0.079874629467,16286.0163162,16270,-0.000983439774253,3908.190186,0.07987462947,16270
dev-090-cylinder-size24-sp2x1x1-rot0,cylinder,12,large(>=12),2x1x1,14476.4589477,14951.6015625,0.0328217429741,130288.13053,129600,-0.00528160567565,14951.60156,0.03282174297,129600
dev-091-cylinder-size24-sp2x1x1-rot1,cylinder,12,large(>=12),2x1x1,14476.4589477,15801.5947266,0.0915372870952,130288.13053,130212,-0.000584324369122,15801.59473,0.0915372871,130212
dev-092-cylinder-size24-sp2x1x1-rot2,cylinder,12,large(>=12),2x1x1,14476.4589477,16396.8867188,0.132658668666,130288.13053,130296,6.04005160878e-05,16396.88672,0.1326586687,130296
dev-093-cylinder-size24-sp2x1x1-rot3,cylinder,12,large(>=12),2x1x1,14476.4589477,15796.5683594,0.09119007738,130288.13053,130264,-0.000185208963992,15796.56836,0.09119007738,130264
dev-094-sphere-size3-sp3x1x1-offset0,sphere,1,very_small(<3),3x1x1,113.097335529,121.578666687,0.0749914320978,113.097335529,114,0.00798130624867,121.5786667,0.0749914321,114
dev-095-sphere-size3-sp3x1x1-offset1,sphere,1,very_small(<3),3x1x1,113.097335529,111.17741394,-0.0169758339559,113.097335529,96,-0.151173636843,111.1774139,-0.01697583396,96
dev-096-sphere-size3-sp3x1x1-offset2,sphere,1,very_small(<3),3x1x1,113.097335529,124.613006592,0.101820887368,113.097335529,120,0.061032953946,124.6130066,0.1018208874,120
dev-097-sphere-size6-sp3x1x1-offset0,sphere,2,very_small(<3),3x1x1,452.389342117,528.794921875,0.168893412476,904.778684234,924,0.021244218173,528.7949219,0.1688934125,924
dev-098-sphere-size6-sp3x1x1-offset1,sphere,2,very_small(<3),3x1x1,452.389342117,526.943115234,0.16480002108,904.778684234,927,0.0245599461541,526.9431152,0.1648000211,927
dev-099-sphere-size6-sp3x1x1-offset2,sphere,2,very_small(<3),3x1x1,452.389342117,531.333740234,0.174505433192,904.778684234,939,0.0378228580784,531.3337402,0.1745054332,939
dev-100-sphere-size12-sp3x1x1-offset0,sphere,4,small(3-6),3x1x1,1809.55736847,2087.421875,0.15355385321,7238.22947387,7209,-0.00403820768275,2087.421875,0.1535538532,7209
dev-101-sphere-size12-sp3x1x1-offset1,sphere,4,small(3-6),3x1x1,1809.55736847,2113.95117188,0.168214508538,7238.22947387,7323,0.0117115002274,2113.951172,0.1682145085,7323
dev-102-sphere-size12-sp3x1x1-offset2,sphere,4,small(3-6),3x1x1,1809.55736847,2105.22314453,0.163391214457,7238.22947387,7290,0.0071523742534,2105.223145,0.1633912145,7290
dev-103-sphere-size24-sp3x1x1-offset0,sphere,8,medium(6-12),3x1x1,7238.22947387,8379.00878906,0.157604745651,57905.835791,57780,-0.00217311069339,8379.008789,0.1576047457,57780
dev-104-sphere-size24-sp3x1x1-offset1,sphere,8,medium(6-12),3x1x1,7238.22947387,8423.96484375,0.163815664336,57905.835791,57918,0.000210068793012,8423.964844,0.1638156643,57918
dev-105-sphere-size24-sp3x1x1-offset2,sphere,8,medium(6-12),3x1x1,7238.22947387,8444.41210938,0.166640563118,57905.835791,58044,0.0023860152806,8444.412109,0.1666405631,58044
dev-106-sphere-size36-sp3x1x1-offset0,sphere,12,large(>=12),3x1x1,16286.0163162,18957.2089844,0.164017560605,195432.195795,195498,0.000336711181178,18957.20898,0.1640175606,195498
dev-107-sphere-size36-sp3x1x1-offset1,sphere,12,large(>=12),3x1x1,16286.0163162,18973.9414062,0.165044970965,195432.195795,195582,0.000766527771318,18973.94141,0.165044971,195582
dev-108-sphere-size36-sp3x1x1-offset2,sphere,12,large(>=12),3x1x1,16286.0163162,18982.6328125,0.165578643907,195432.195795,195612,0.000920033696368,18982.63281,0.1655786439,195612
dev-109-ellipsoid-size6-sp3x1x1-rot0,ellipsoid,1,very_small(<3),3x1x1,250.977982262,281.975769043,0.123507992622,339.292006588,348,0.0256651888144,281.975769,0.1235079926,348
dev-110-ellipsoid-size6-sp3x1x1-rot1,ellipsoid,1,very_small(<3),3x1x1,250.977982262,267.426330566,0.0655370170589,339.292006588,336,-0.0097025763171,267.4263306,0.06553701706,336
dev-111-ellipsoid-size6-sp3x1x1-rot2,ellipsoid,1,very_small(<3),3x1x1,250.977982262,277.554260254,0.105890874382,339.292006588,324,-0.0450703414486,277.5542603,0.1058908744,324
dev-112-ellipsoid-size6-sp3x1x1-rot3,ellipsoid,1,very_small(<3),3x1x1,250.977982262,286.747894287,0.142522111714,339.292006588,354,0.0433490713802,286.7478943,0.1425221117,354
dev-113-ellipsoid-size12-sp3x1x1-rot0,ellipsoid,2,very_small(<3),3x1x1,1003.91192905,1117.98022461,0.113623807291,2714.3360527,2718,0.00134985028651,1117.980225,0.1136238073,2718
dev-114-ellipsoid-size12-sp3x1x1-rot1,ellipsoid,2,very_small(<3),3x1x1,1003.91192905,1145.87194824,0.141406845649,2714.3360527,2721,0.00245509294687,1145.871948,0.1414068456,2721
dev-115-ellipsoid-size12-sp3x1x1-rot2,ellipsoid,2,very_small(<3),3x1x1,1003.91192905,1187.92871094,0.183299726368,2714.3360527,2733,0.00687606358831,1187.928711,0.1832997264,2733
dev-116-ellipsoid-size12-sp3x1x1-rot3,ellipsoid,2,very_small(<3),3x1x1,1003.91192905,1139.68334961,0.135242362039,2714.3360527,2709,-0.00196587769457,1139.68335,0.135242362,2709
dev-117-ellipsoid-size24-sp3x1x1-rot0,ellipsoid,4,small(3-6),3x1x1,4015.64771618,4484.6328125,0.116789402224,21714.6884216,21723,0.000382762958693,4484.632812,0.1167894022,21723
dev-118-ellipsoid-size24-sp3x1x1-rot1,ellipsoid,4,small(3-6),3x1x1,4015.64771618,4512.59667969,0.123753127422,21714.6884216,21591,-0.00569607167329,4512.59668,0.1237531274,21591
dev-119-ellipsoid-size24-sp3x1x1-rot2,ellipsoid,4,small(3-6),3x1x1,4015.64771618,4707.36279297,0.172254920171,21714.6884216,21684,-0.00141325636439,4707.362793,0.1722549202,21684
dev-120-ellipsoid-size24-sp3x1x1-rot3,ellipsoid,4,small(3-6),3x1x1,4015.64771618,4540.74804688,0.130763544963,21714.6884216,21705,-0.000446169036577,4540.748047,0.130763545,21705
dev-121-ellipsoid-size48-sp3x1x1-rot0,ellipsoid,8,medium(6-12),3x1x1,16062.5908647,17978.859375,0.11930008841,173717.507373,173691,-0.000152588954919,17978.85938,0.1193000884,173691
dev-122-ellipsoid-size48-sp3x1x1-rot1,ellipsoid,8,medium(6-12),3x1x1,16062.5908647,18226.5410156,0.134719869858,173717.507373,173676,-0.00023893603776,18226.54102,0.1347198699,173676
dev-123-ellipsoid-size48-sp3x1x1-rot2,ellipsoid,8,medium(6-12),3x1x1,16062.5908647,18997.078125,0.182690780396,173717.507373,173826,0.000624534790647,18997.07812,0.1826907804,173826
dev-124-ellipsoid-size48-sp3x1x1-rot3,ellipsoid,8,medium(6-12),3x1x1,16062.5908647,18226.5917969,0.134723031319,173717.507373,173685,-0.000187127788055,18226.5918,0.1347230313,173685
dev-125-cylinder-size3-sp3x1x1-rot0,cylinder,1,very_small(<3),3x1x1,226.194671058,216.173156738,-0.0443048205923,254.469004941,252,-0.0097025763171,216.1731567,-0.04430482059,252
dev-126-cylinder-size3-sp3x1x1-rot1,cylinder,1,very_small(<3),3x1x1,226.194671058,220.779815674,-0.0239389166831,254.469004941,246,-0.0332810864048,220.7798157,-0.02393891668,246
dev-127-cylinder-size3-sp3x1x1-rot2,cylinder,1,very_small(<3),3x1x1,226.194671058,253.835693359,0.122200148092,254.469004941,270,0.061032953946,253.8356934,0.1222001481,270
dev-128-cylinder-size3-sp3x1x1-rot3,cylinder,1,very_small(<3),3x1x1,226.194671058,234.98197937,0.0388484320631,254.469004941,273,0.0728222089898,234.9819794,0.03884843206,273
dev-129-cylinder-size6-sp3x1x1-rot0,cylinder,2,very_small(<3),3x1x1,904.778684234,912.896118164,0.00897173427232,2035.75203953,2070,0.0168232475316,912.8961182,0.008971734272,2070
dev-130-cylinder-size6-sp3x1x1-rot1,cylinder,2,very_small(<3),3x1x1,904.778684234,989.057495117,0.0931485371527,2035.75203953,2067,0.0153495906511,989.0574951,0.09314853715,2067
dev-131-cylinder-size6-sp3x1x1-rot2,cylinder,2,very_small(<3),3x1x1,904.778684234,1041.38720703,0.150985567164,2035.75203953,2043,0.00356033560723,1041.387207,0.1509855672,2043
dev-132-cylinder-size6-sp3x1x1-rot3,cylinder,2,very_small(<3),3x1x1,904.778684234,972.771606445,0.0751486782307,2035.75203953,2055,0.00945496312915,972.7716064,0.07514867823,2055
dev-133-cylinder-size12-sp3x1x1-rot0,cylinder,4,small(3-6),3x1x1,3619.11473694,3712.91455078,0.0259178889491,16286.0163162,16380,0.00577082092795,3712.914551,0.02591788895,16380
dev-134-cylinder-size12-sp3x1x1-rot1,cylinder,4,small(3-6),3x1x1,3619.11473694,4038.98925781,0.116015808118,16286.0163162,16272,-0.000860635034213,4038.989258,0.1160158081,16272
dev-135-cylinder-size12-sp3x1x1-rot2,cylinder,4,small(3-6),3x1x1,3619.11473694,4237.98925781,0.171001630471,16286.0163162,16245,-0.00251849902475,4237.989258,0.1710016305,16245
dev-136-cylinder-size12-sp3x1x1-rot3,cylinder,4,small(3-6),3x1x1,3619.11473694,3957.23974609,0.0934275461641,16286.0163162,16287,6.04005160878e-05,3957.239746,0.09342754616,16287
dev-137-cylinder-size24-sp3x1x1-rot0,cylinder,8,medium(6-12),3x1x1,14476.4589477,14949.2431641,0.0326588303139,130288.13053,129888,-0.00307112035493,14949.24316,0.03265883031,129888
dev-138-cylinder-size24-sp3x1x1-rot1,cylinder,8,medium(6-12),3x1x1,14476.4589477,16339.1318359,0.128669096146,130288.13053,130254,-0.000261961926517,16339.13184,0.1286690961,130254
dev-139-cylinder-size24-sp3x1x1-rot2,cylinder,8,medium(6-12),3x1x1,14476.4589477,17189.2636719,0.187394219396,130288.13053,130308,0.000152504071118,17189.26367,0.1873942194,130308
dev-140-cylinder-size24-sp3x1x1-rot3,cylinder,8,medium(6-12),3x1x1,14476.4589477,16127.6582031,0.114060991113,130288.13053,130443,0.00118866906521,16127.6582,0.1140609911,130443
dev-141-sphere-size3-sp2x0.7x0.7-offset0,sphere,1.5,very_small(<3),2x0.7x0.7,113.097335529,128.969573975,0.140341400362,113.097335529,120.54,0.0658076022387,128.969574,0.1403414004,120.54
dev-142-sphere-size3-sp2x0.7x0.7-offset1,sphere,1.5,very_small(<3),2x0.7x0.7,113.097335529,126.965873718,0.122624800347,113.097335529,112.7,-0.00351321741908,126.9658737,0.1226248003,112.7
dev-143-sphere-size3-sp2x0.7x0.7-offset2,sphere,1.5,very_small(<3),2x0.7x0.7,113.097335529,126.535621643,0.118820536761,113.097335529,111.72,-0.0121783198763,126.5356216,0.1188205368,111.72
dev-144-sphere-size6-sp2x0.7x0.7-offset0,sphere,3,small(3-6),2x0.7x0.7,452.389342117,522.592956543,0.15518405915,904.778684234,912.38,0.00840129845961,522.5929565,0.1551840592,912.38
dev-145-sphere-size6-sp2x0.7x0.7-offset1,sphere,3,small(3-6),2x0.7x0.7,452.389342117,524.016540527,0.158330870651,904.778684234,911.4,0.00731816065245,524.0165405,0.1583308707,911.4
dev-146-sphere-size6-sp2x0.7x0.7-offset2,sphere,3,small(3-6),2x0.7x0.7,452.389342117,522.458984375,0.15488791564,904.778684234,904.54,-0.000263803997618,522.4589844,0.1548879156,904.54
dev-147-sphere-size12-sp2x0.7x0.7-offset0,sphere,6,medium(6-12),2x0.7x0.7,1809.55736847,2094.95361328,0.157716052437,7238.22947387,7251.02,0.00176707939079,2094.953613,0.1577160524,7251.02
dev-148-sphere-size12-sp2x0.7x0.7-offset1,sphere,6,medium(6-12),2x0.7x0.7,1809.55736847,2100.72265625,0.160904148637,7238.22947387,7257.88,0.00271482497205,2100.722656,0.1609041486,7257.88
dev-149-sphere-size12-sp2x0.7x0.7-offset2,sphere,6,medium(6-12),2x0.7x0.7,1809.55736847,2089.50195312,0.15470334875,7238.22947387,7223.58,-0.00202390293424,2089.501953,0.1547033488,7223.58
dev-150-sphere-size24-sp2x0.7x0.7-offset0,sphere,12,large(>=12),2x0.7x0.7,7238.22947387,8388.17480469,0.158871079588,57905.835791,57904.28,-2.68676023032e-05,8388.174805,0.1588710796,57904.28
dev-151-sphere-size24-sp2x0.7x0.7-offset1,sphere,12,large(>=12),2x0.7x0.7,7238.22947387,8387.49414062,0.158777042218,57905.835791,57918.98,0.000226992821248,8387.494141,0.1587770422,57918.98
dev-152-sphere-size24-sp2x0.7x0.7-offset2,sphere,12,large(>=12),2x0.7x0.7,7238.22947387,8361.41992188,0.155174749855,57905.835791,57838.62,-0.00116077749417,8361.419922,0.1551747499,57838.62
dev-153-sphere-size36-sp2x0.7x0.7-offset0,sphere,18,large(>=12),2x0.7x0.7,16286.0163162,18882.8789062,0.159453517645,195432.195795,195514.9,0.000423186185623,18882.87891,0.1594535176,195514.9
dev-154-sphere-size36-sp2x0.7x0.7-offset1,sphere,18,large(>=12),2x0.7x0.7,16286.0163162,18877.9921875,0.159153461532,195432.195795,195493.34,0.000312866594153,18877.99219,0.1591534615,195493.34
dev-155-sphere-size36-sp2x0.7x0.7-offset2,sphere,18,large(>=12),2x0.7x0.7,16286.0163162,18881.8027344,0.159387438141,195432.195795,195529.6,0.000498404088897,18881.80273,0.1593874381,195529.6
dev-156-ellipsoid-size6-sp2x0.7x0.7-rot0,ellipsoid,1.5,very_small(<3),2x0.7x0.7,250.977982262,281.937255859,0.123354540183,339.292006588,343,0.0109286200096,281.9372559,0.1233545402,343
dev-157-ellipsoid-size6-sp2x0.7x0.7-rot1,ellipsoid,1.5,very_small(<3),2x0.7x0.7,250.977982262,281.745666504,0.122591169015,339.292006588,342.02,0.00804025252389,281.7456665,0.122591169,342.02
dev-158-ellipsoid-size6-sp2x0.7x0.7-rot2,ellipsoid,1.5,very_small(<3),2x0.7x0.7,250.977982262,284.032836914,0.13170420112,339.292006588,334.18,-0.015066687362,284.0328369,0.1317042011,334.18
dev-159-ellipsoid-size6-sp2x0.7x0.7-rot3,ellipsoid,1.5,very_small(<3),2x0.7x0.7,250.977982262,273.558044434,0.0899682990859,339.292006588,335.16,-0.0121783198763,273.5580444,0.08996829909,335.16
dev-160-ellipsoid-size12-sp2x0.7x0.7-rot0,ellipsoid,3,small(3-6),2x0.7x0.7,1003.91192905,1127.02368164,0.122632024815,2714.3360527,2723.42,0.00334665535956,1127.023682,0.1226320248,2723.42
dev-161-ellipsoid-size12-sp2x0.7x0.7-rot1,ellipsoid,3,small(3-6),2x0.7x0.7,1003.91192905,1130.94799805,0.126541049394,2714.3360527,2726.36,0.00442979316671,1130.947998,0.1265410494,2726.36
dev-162-ellipsoid-size12-sp2x0.7x0.7-rot2,ellipsoid,3,small(3-6),2x0.7x0.7,1003.91192905,1161.39770508,0.156872103494,2714.3360527,2701.86,-0.00459635522623,1161.397705,0.1568721035,2701.86
dev-163-ellipsoid-size12-sp2x0.7x0.7-rot3,ellipsoid,3,small(3-6),2x0.7x0.7,1003.91192905,1125.47290039,0.121087286471,2714.3360527,2712.64,-0.000624849933336,1125.4729,0.1210872865,2712.64
dev-164-ellipsoid-size24-sp2x0.7x0.7-rot0,ellipsoid,6,medium(6-12),2x0.7x0.7,4015.64771618,4481.16552734,0.115925958665,21714.6884216,21741.3,0.00122551048722,4481.165527,0.1159259587,21741.3
dev-165-ellipsoid-size24-sp2x0.7x0.7-rot1,ellipsoid,6,medium(6-12),2x0.7x0.7,4015.64771618,4550.7734375,0.133260126171,21714.6884216,21742.28,0.00127064122918,4550.773438,0.1332601262,21742.28
dev-166-ellipsoid-size24-sp2x0.7x0.7-rot2,ellipsoid,6,medium(6-12),2x0.7x0.7,4015.64771618,4714.56152344,0.174047589991,21714.6884216,21743.26,0.00131577197115,4714.561523,0.17404759,21743.26
dev-167-ellipsoid-size24-sp2x0.7x0.7-rot3,ellipsoid,6,medium(6-12),2x0.7x0.7,4015.64771618,4545.35742188,0.131911398392,21714.6884216,21733.46,0.0008644645515,4545.357422,0.1319113984,21733.46
dev-168-ellipsoid-size48-sp2x0.7x0.7-rot0,ellipsoid,12,large(>=12),2x0.7x0.7,16062.5908647,17922.1171875,0.115767520845,173717.507373,173716.76,-4.30223132097e-06,17922.11719,0.1157675208,173716.76
dev-169-ellipsoid-size48-sp2x0.7x0.7-rot1,ellipsoid,12,large(>=12),2x0.7x0.7,16062.5908647,18152.4199219,0.130105353161,173717.507373,173635.42,-0.000472533679205,18152.41992,0.1301053532,173635.42
dev-170-ellipsoid-size48-sp2x0.7x0.7-rot2,ellipsoid,12,large(>=12),2x0.7x0.7,16062.5908647,18929.8242188,0.178503790463,173717.507373,173767.72,0.00028904759145,18929.82422,0.1785037905,173767.72
dev-171-ellipsoid-size48-sp2x0.7x0.7-rot3,ellipsoid,12,large(>=12),2x0.7x0.7,16062.5908647,18157.8535156,0.130443629458,173717.507373,173698.14,-0.000111487743487,18157.85352,0.1304436295,173698.14
dev-172-cylinder-size3-sp2x0.7x0.7-rot0,cylinder,1.5,very_small(<3),2x0.7x0.7,226.194671058,211.848815918,-0.0634226044025,254.469004941,235.2,-0.0757224045626,211.8488159,-0.0634226044,235.2
dev-173-cylinder-size3-sp2x0.7x0.7-rot1,cylinder,1.5,very_small(<3),2x0.7x0.7,226.194671058,241.81362915,0.0690509551743,254.469004941,257.74,0.0128541983335,241.8136292,0.06905095517,257.74
dev-174-cylinder-size3-sp2x0.7x0.7-rot2,cylinder,1.5,very_small(<3),2x0.7x0.7,226.194671058,259.77645874,0.148464097428,254.469004941,258.72,0.0167053549811,259.7764587,0.1484640974,258.72
dev-175-cylinder-size3-sp2x0.7x0.7-rot3,cylinder,1.5,very_small(<3),2x0.7x0.7,226.194671058,235.997283936,0.043337063739,254.469004941,257.74,0.0128541983335,235.9972839,0.04333706374,257.74
dev-176-cylinder-size6-sp2x0.7x0.7-rot0,cylinder,3,small(3-6),2x0.7x0.7,904.778684234,920.526123047,0.0174047411676,2035.75203953,2037.42,0.000819333809535,920.526123,0.01740474117,2037.42
dev-177-cylinder-size6-sp2x0.7x0.7-rot1,cylinder,3,small(3-6),2x0.7x0.7,904.778684234,983.045654297,0.0865039942108,2035.75203953,2031.54,-0.00206903367621,983.0456543,0.08650399421,2031.54
dev-178-cylinder-size6-sp2x0.7x0.7-rot2,cylinder,3,small(3-6),2x0.7x0.7,904.778684234,1045.60742188,0.155649928646,2035.75203953,2038.4,0.00130072839049,1045.607422,0.1556499286,2038.4
dev-179-cylinder-size6-sp2x0.7x0.7-rot3,cylinder,3,small(3-6),2x0.7x0.7,904.778684234,969.73034668,0.0717873481965,2035.75203953,2029.58,-0.00303182283812,969.7303467,0.0717873482,2029.58
dev-180-cylinder-size12-sp2x0.7x0.7-rot0,cylinder,6,medium(6-12),2x0.7x0.7,3619.11473694,3712.63867188,0.025841660665,16286.0163162,16264.08,-0.00134694180477,3712.638672,0.02584166066,16264.08
dev-181-cylinder-size12-sp2x0.7x0.7-rot1,cylinder,6,medium(6-12),2x0.7x0.7,3619.11473694,4057.95922852,0.12125741334,16286.0163162,16295.44,0.000578636519057,4057.959229,0.1212574133,16295.44
dev-182-cylinder-size12-sp2x0.7x0.7-rot2,cylinder,6,medium(6-12),2x0.7x0.7,3619.11473694,4261.32421875,0.177449329047,16286.0163162,16283.68,-0.000143455352379,4261.324219,0.177449329,16283.68
dev-183-cylinder-size12-sp2x0.7x0.7-rot3,cylinder,6,medium(6-12),2x0.7x0.7,3619.11473694,3983.94726562,0.100807118649,16286.0163162,16271.92,-0.000865547223814,3983.947266,0.1008071186,16271.92
dev-184-cylinder-size24-sp2x0.7x0.7-rot0,cylinder,12,large(>=12),2x0.7x0.7,14476.4589477,14982.0625,0.0349259134491,130288.13053,130218.48,-0.000534588449406,14982.0625,0.03492591345,130218.48
dev-185-cylinder-size24-sp2x0.7x0.7-rot1,cylinder,12,large(>=12),2x0.7x0.7,14476.4589477,16317.4589844,0.127171986138,130288.13053,130309.62,0.000164938051047,16317.45898,0.1271719861,130309.62
dev-186-cylinder-size24-sp2x0.7x0.7-rot2,cylinder,12,large(>=12),2x0.7x0.7,14476.4589477,17142.7402344,0.184180488907,130288.13053,130291.98,2.95458251527e-05,17142.74023,0.1841804889,130291.98
dev-187-cylinder-size24-sp2x0.7x0.7-rot3,cylinder,12,large(>=12),2x0.7x0.7,14476.4589477,16067.1142578,0.109878756664,130288.13053,130292.96,3.70676154799e-05,16067.11426,0.1098787567,130292.96
