grid,case_id,shape,rho_eff,rho_in,aniso,ae,ve
dev,dev-000-sphere-size3-sp1x1x1-offset0,sphere,2.972359660434031,3.0,1.0,0.004079004874307,0.0273864588828617
dev,dev-001-sphere-size3-sp1x1x1-offset1,sphere,2.9902658734369907,2.8284271247461903,1.0,0.0066724851657077,0.0097025763170954
dev,dev-002-sphere-size3-sp1x1x1-offset2,sphere,3.0079601661525035,2.8284271247461903,1.0,0.0062354363550602,0.0079813062486706
dev,dev-003-sphere-size6-sp1x1x1-offset0,sphere,6.013720726868603,5.477225575051661,1.0,0.0100613322278113,0.0068760635883102
dev,dev-004-sphere-size6-sp1x1x1-offset1,sphere,5.969386488568767,5.744562646538029,1.0,0.0230578461774666,0.0152287896188973
dev,dev-005-sphere-size6-sp1x1x1-offset2,sphere,5.9894181369826205,5.656854249492381,1.0,0.0174295367529969,0.0052816056756539
dev,dev-006-sphere-size12-sp1x1x1-offset0,sphere,11.998767818665629,11.357816691600547,1.0,0.0070039189928782,0.0003080137040322
dev,dev-007-sphere-size12-sp1x1x1-offset1,sphere,12.005949072700004,11.532562594670797,1.0,0.0055475421386109,0.0014880056190533
dev,dev-008-sphere-size12-sp1x1x1-offset2,sphere,12.005949072700004,11.489125293076057,1.0,0.00531452964795,0.0014880056190533
dev,dev-009-sphere-size24-sp1x1x1-offset0,sphere,23.998502884307687,23.600847442411894,1.0,0.0025355421955837,0.0001871277880552
dev,dev-010-sphere-size24-sp1x1x1-offset1,sphere,23.9926982324619,23.83275057562597,1.0,0.0029497807448638,0.0009124432839168
dev,dev-011-sphere-size24-sp1x1x1-offset2,sphere,24.002647345642877,23.515952032609693,1.0,0.0022432780770501,0.0003309547089886
dev,dev-012-sphere-size36-sp1x1x1-offset0,sphere,36.00164576650477,35.41186241925155,1.0,0.0008862020474516,0.0001371534786129
dev,dev-013-sphere-size36-sp1x1x1-offset1,sphere,35.998759887634044,35.52463933666322,1.0,0.0010116175916452,0.0001033391372988
dev,dev-014-sphere-size36-sp1x1x1-offset2,sphere,36.002689481103445,35.35533905932738,1.0,0.0008317503932441,0.0002241401694746
dev,dev-015-ellipsoid-size6-sp1x1x1-rot0,ellipsoid,4.338229257135249,3.0,1.0,0.0305979738095604,0.0079813062486704
dev,dev-016-ellipsoid-size6-sp1x1x1-rot1,ellipsoid,4.329756131548022,3.1622776601683795,1.0,0.0310145610752735,0.0020866787267483
dev,dev-017-ellipsoid-size6-sp1x1x1-rot2,ellipsoid,4.312709671069407,3.0,1.0,0.0401336157327633,0.0097025763170955
dev,dev-018-ellipsoid-size6-sp1x1x1-rot3,ellipsoid,4.325507104155695,3.0,1.0,0.0353047159565187,0.0008606350342125
dev,dev-019-ellipsoid-size12-sp1x1x1-rot0,ellipsoid,8.637169153911026,6.0,1.0,0.0105579322795668,0.0056500198957741
dev,dev-020-ellipsoid-size12-sp1x1x1-rot1,ellipsoid,8.662694737569652,6.164414002968976,1.0,0.0143956044906442,0.0031919213871087
dev,dev-021-ellipsoid-size12-sp1x1x1-rot2,ellipsoid,8.661634172581387,6.0,1.0,0.0086394831236181,0.0028235071669886
dev,dev-022-ellipsoid-size12-sp1x1x1-rot3,ellipsoid,8.652077378312054,6.082762530298219,1.0,0.0116572485388798,0.0004922208140923
dev,dev-023-ellipsoid-size24-sp1x1x1-rot0,ellipsoid,17.29458210774637,12.0,1.0,0.0068362466311393,0.0021500848046329
dev,dev-024-ellipsoid-size24-sp1x1x1-rot1,ellipsoid,17.304154756624108,12.083045973594572,1.0,0.0067317472157829,0.0004922208140923
dev,dev-025-ellipsoid-size24-sp1x1x1-rot2,ellipsoid,17.311858361945365,12.083045973594572,1.0,0.0057279215590458,0.0008432807338429
dev,dev-026-ellipsoid-size24-sp1x1x1-rot3,ellipsoid,17.300167440303262,12.083045973594572,1.0,0.0069063955153222,0.0011829974768176
dev,dev-027-ellipsoid-size48-sp1x1x1-rot0,ellipsoid,34.61641329068956,24.0,1.0,0.0013077152382925,0.0002100687930115
dev,dev-028-ellipsoid-size48-sp1x1x1-rot1,ellipsoid,34.61388957015921,24.06241883103193,1.0,0.0010628241480847,8.677150184710491e-06
dev,dev-029-ellipsoid-size48-sp1x1x1-rot2,ellipsoid,34.61342463413035,24.041630560342615,1.0,0.0015113519514935,4.897245551038765e-05
dev,dev-030-ellipsoid-size48-sp1x1x1-rot3,ellipsoid,34.6132917929708,24.041630560342615,1.0,0.0015729008504578,6.048539988912083e-05
dev,dev-031-cylinder-size3-sp1x1x1-rot0,cylinder,3.9183567771032712,2.8284271247461903,1.0,0.1086333843651624,0.0097025763170955
dev,dev-032-cylinder-size3-sp1x1x1-rot1,cylinder,3.92353294795214,3.0,1.0,0.1080067561970832,0.0057728246358141
dev,dev-033-cylinder-size3-sp1x1x1-rot2,cylinder,3.949211250437699,3.1622776601683795,1.0,0.0960956470162031,0.0138759337705924
dev,dev-034-cylinder-size3-sp1x1x1-rot3,cylinder,3.949211250437699,3.0,1.0,0.0884882469435822,0.0138759337705924
dev,dev-035-cylinder-size6-sp1x1x1-rot0,cylinder,7.928918643143567,5.656854249492381,1.0,0.0364708493007284,0.0256651888144368
dev,dev-036-cylinder-size6-sp1x1x1-rot1,cylinder,7.857390994518837,5.830951894845301,1.0,0.0514131242369833,0.0018430729545328
dev,dev-037-cylinder-size6-sp1x1x1-rot2,cylinder,7.87154384988404,5.830951894845301,1.0,0.0427898081369503,0.0035603356072289
dev,dev-038-cylinder-size6-sp1x1x1-rot3,cylinder,7.859968033403027,5.830951894845301,1.0,0.0451657525196044,0.0008606350342125
dev,dev-039-cylinder-size12-sp1x1x1-rot0,cylinder,15.719936066806056,11.661903789690601,1.0,0.0349035070135954,0.0008606350342125
dev,dev-040-cylinder-size12-sp1x1x1-rot1,cylinder,15.725408573814088,11.916375287812984,1.0,0.0316811939780744,0.0001832052561279
dev,dev-041-cylinder-size12-sp1x1x1-rot2,cylinder,15.726695669117564,11.874342087037917,1.0,0.0315906296275707,0.0004288147362079
dev,dev-042-cylinder-size12-sp1x1x1-rot3,cylinder,15.721867974907944,11.874342087037917,1.0,0.0348332529377899,0.0004922208140923
dev,dev-043-cylinder-size24-sp1x1x1-rot0,cylinder,31.43407462801624,23.430749027719962,1.0,0.0209520371060484,0.0014132563643927
dev,dev-044-cylinder-size24-sp1x1x1-rot1,cylinder,31.45017353413093,23.93741840717165,1.0,0.0178485687085863,0.0001218028861078
dev,dev-045-cylinder-size24-sp1x1x1-rot2,cylinder,31.451058495898483,23.93741840717165,1.0,0.0190253858321145,0.0002062311448853
dev,dev-046-cylinder-size24-sp1x1x1-rot3,cylinder,31.451058495898483,23.93741840717165,1.0,0.0187589569232908,0.0002062311448853
dev,dev-047-sphere-size3-sp2x1x1-offset0,sphere,1.5039800830762518,1.4142135623730951,2.0,0.0783944049155415,0.0079813062486706
dev,dev-048-sphere-size3-sp2x1x1-offset1,sphere,1.477117532764045,1.118033988749895,2.0,0.1146209712498673,0.0450703414486278
dev,dev-049-sphere-size3-sp2x1x1-offset2,sphere,1.4861798302170155,1.118033988749895,2.0,0.1027237678725733,0.0273864588828617
dev,dev-050-sphere-size6-sp2x1x1-offset0,sphere,2.9835762182652834,3.0,2.0,0.0255995884557174,0.0163340322792577
dev,dev-051-sphere-size6-sp2x1x1-offset1,sphere,2.988039315745915,2.8722813232690143,2.0,0.0230045778799374,0.0119130616378162
dev,dev-052-sphere-size6-sp2x1x1-offset2,sphere,2.9947090684913102,2.7386127875258306,2.0,0.023813066937367,0.0052816056756539
dev,dev-053-sphere-size12-sp2x1x1-offset0,sphere,5.98664397348387,5.852349955359813,2.0,0.0184316757319762,0.0066631590011044
dev,dev-054-sphere-size12-sp2x1x1-offset1,sphere,5.999383909332814,5.678908345800274,2.0,0.0144370553869777,0.0003080137040322
dev,dev-055-sphere-size12-sp2x1x1-offset2,sphere,5.999383909332814,5.5901699437494745,2.0,0.014507306811879,0.0003080137040322
dev,dev-056-sphere-size24-sp2x1x1-offset0,sphere,12.00222141724757,11.640446726822816,2.0,0.0011938141854338,0.0005554571243742
dev,dev-057-sphere-size24-sp2x1x1-offset1,sphere,12.000563938004364,11.715374513859981,2.0,0.0013953222748157,0.0001409911267391
dev,dev-058-sphere-size24-sp2x1x1-offset2,sphere,11.996971161436516,11.800423721205947,2.0,0.0019534423388208,0.0007570185348036
dev,dev-059-sphere-size36-sp2x1x1-offset0,sphere,18.002879439622085,17.549928774784245,2.0,0.0010902251261195,0.0004799833778912
dev,dev-060-sphere-size36-sp2x1x1-offset1,sphere,17.998765856860754,17.67059704707229,2.0,0.0006018876474878,0.0002056764206656
dev,dev-061-sphere-size36-sp2x1x1-offset2,sphere,18.001221953321043,17.528548142958105,2.0,0.0009531554537614,0.0002036727128011
dev,dev-062-ellipsoid-size6-sp2x1x1-rot0,ellipsoid,2.17333470657691,1.5,2.0,0.0501343918907244,0.0138759337705924
dev,dev-063-ellipsoid-size6-sp2x1x1-rot1,ellipsoid,2.1563548355347035,1.5,2.0,0.0597726248034347,0.0097025763170955
dev,dev-064-ellipsoid-size6-sp2x1x1-rot2,ellipsoid,2.139103257799201,1.5,2.0,0.0743000382800725,0.0332810864047837
dev,dev-065-ellipsoid-size6-sp2x1x1-rot3,ellipsoid,2.1606248562613626,1.5,2.0,0.0451576050220505,0.0038079487951735
dev,dev-066-ellipsoid-size12-sp2x1x1-rot0,ellipsoid,4.333996835660835,3.0,2.0,0.0173524506017637,0.0050339924877094
dev,dev-067-ellipsoid-size12-sp2x1x1-rot1,ellipsoid,4.323379456441955,3.082207001484488,2.0,0.0249534278448971,0.002334291914693
dev,dev-068-ellipsoid-size12-sp2x1x1-rot2,ellipsoid,4.325507104155695,3.0,2.0,0.0228103540655338,0.0008606350342125
dev,dev-069-ellipsoid-size12-sp2x1x1-rot3,ellipsoid,4.325507104155695,3.0413812651491097,2.0,0.0225163212819855,0.0008606350342125
dev,dev-070-ellipsoid-size24-sp2x1x1-rot0,ellipsoid,8.63850233844026,6.0,2.0,0.0084940827719323,0.005189502120624
dev,dev-071-ellipsoid-size24-sp2x1x1-rot1,ellipsoid,8.657389313203886,6.041522986797286,2.0,0.004897157563786,0.0013498502865081
dev,dev-072-ellipsoid-size24-sp2x1x1-rot2,ellipsoid,8.648621119888237,6.103277807866851,2.0,0.0091385952570719,0.0016895670294828
dev,dev-073-ellipsoid-size24-sp2x1x1-rot3,ellipsoid,8.658716278877652,6.041522986797286,2.0,0.0044733243693669,0.0018103680616583
dev,dev-074-ellipsoid-size48-sp2x1x1-rot0,ellipsoid,17.306878366284163,12.0,2.0,0.0016033117332701,2.0190094563443672e-05
dev,dev-075-ellipsoid-size48-sp2x1x1-rot1,ellipsoid,17.309069917419954,12.010412149464313,2.0,0.0009064763039101,0.0003597370699353
dev,dev-076-ellipsoid-size48-sp2x1x1-rot2,ellipsoid,17.307276871410227,12.05197079319395,2.0,0.0002740260931342,4.8887571709066435e-05
dev,dev-077-ellipsoid-size48-sp2x1x1-rot3,ellipsoid,17.304752695604183,12.05197079319395,2.0,0.0012510126157834,0.0003886043146835
dev,dev-078-cylinder-size3-sp2x1x1-rot0,cylinder,1.8377858903240547,1.4142135623730951,2.0,0.2589846822457567,0.1826116502934757
dev,dev-079-cylinder-size3-sp2x1x1-rot1,cylinder,1.979694837482637,1.4142135623730951,2.0,0.1185748823743233,0.0217354371331552
dev,dev-080-cylinder-size3-sp2x1x1-rot2,cylinder,1.927573210407049,1.4142135623730951,2.0,0.1571576597741955,0.0568595964924719
dev,dev-081-cylinder-size3-sp2x1x1-rot3,cylinder,1.979694837482637,1.5,2.0,0.1170659550768038,0.0217354371331552
dev,dev-082-cylinder-size6-sp2x1x1-rot0,cylinder,3.9299840167015136,2.8284271247461903,2.0,0.0915939537966721,0.0008606350342125
dev,dev-083-cylinder-size6-sp2x1x1-rot1,cylinder,3.9364139758383927,2.8722813232690143,2.0,0.0817982999709276,0.0040515545673891
dev,dev-084-cylinder-size6-sp2x1x1-rot2,cylinder,3.9479352531758782,2.8722813232690143,2.0,0.0784493163343119,0.0128934958502722
dev,dev-085-cylinder-size6-sp2x1x1-rot3,cylinder,3.92353294795214,2.9154759474226504,2.0,0.0858110953952752,0.0057728246358141
dev,dev-086-cylinder-size12-sp2x1x1-rot0,cylinder,7.859968033403027,6.0,2.0,0.050139777971235,0.0008606350342125
dev,dev-087-cylinder-size12-sp2x1x1-rot1,cylinder,7.868010407974925,6.0,2.0,0.0477831415418544,0.0022094834667885
dev,dev-088-cylinder-size12-sp2x1x1-rot2,cylinder,7.862221557025741,5.937171043518958,2.0,0.0513645233348879,1.0018539322587117e-06
dev,dev-089-cylinder-size12-sp2x1x1-rot3,cylinder,7.859645995953025,5.937171043518958,2.0,0.0474012668776405,0.0009834397742525
dev,dev-090-cylinder-size24-sp2x1x1-rot0,cylinder,15.696716038815882,12.0,2.0,0.0266828340615297,0.005281605675654
dev,dev-091-cylinder-size24-sp2x1x1-rot1,cylinder,15.721385042394203,12.0,2.0,0.0224089762497322,0.0005843243691224
dev,dev-092-cylinder-size24-sp2x1x1-rot2,cylinder,15.724764947145044,11.968709203585824,2.0,0.0252719441172326,6.0400516087799616e-05
dev,dev-093-cylinder-size24-sp2x1x1-rot3,cylinder,15.72347753571844,11.968709203585824,2.0,0.0188799345885035,0.0001852089639923
dev,dev-094-sphere-size3-sp3x1x1-offset0,sphere,1.002653388717501,0.9428090415820635,3.0,0.0889097189326293,0.0079813062486706
dev,dev-095-sphere-size3-sp3x1x1-offset1,sphere,0.9468320564099924,0.9428090415820635,3.0,0.2004196600893547,0.1511736368432247
dev,dev-096-sphere-size3-sp3x1x1-offset2,sphere,1.0199439139819564,0.9428090415820635,3.0,0.0624823751436458,0.061032953945969
dev,dev-097-sphere-size6-sp3x1x1-offset0,sphere,2.014063686672389,1.6996731711975948,3.0,0.0145767846664084,0.0212442181729952
dev,dev-098-sphere-size6-sp3x1x1-offset1,sphere,2.0162410545157403,1.6666666666666667,3.0,0.0091655735029149,0.0245599461540764
dev,dev-099-sphere-size6-sp3x1x1-offset2,sphere,2.0249038507111012,1.6666666666666667,3.0,0.0030375261264464,0.037822858078401
dev,dev-100-sphere-size12-sp3x1x1-offset0,sphere,3.994608459176663,3.8005847503304597,3.0,0.0176054240752326,0.0040382076827485
dev,dev-101-sphere-size12-sp3x1x1-offset1,sphere,4.0155547675322625,3.5433819375782165,3.0,0.0086945568228258,0.0117115002273868
dev,dev-102-sphere-size12-sp3x1x1-offset2,sphere,4.009513852715927,3.5746017649212027,3.0,0.0117070625680253,0.0071523742534003
dev,dev-103-sphere-size24-sp3x1x1-offset0,sphere,7.994200835377938,7.774602526460401,3.0,0.0007744328030468,0.0021731106933904
dev,dev-104-sphere-size24-sp3x1x1-offset1,sphere,8.000560144226919,7.781745019952502,3.0,0.0012407740269453,0.0002100687930117
dev,dev-105-sphere-size24-sp3x1x1-offset2,sphere,8.006357653606587,7.498147919467995,3.0,0.0023292892265509,0.0023860152805961
dev,dev-106-sphere-size36-sp3x1x1-offset0,sphere,12.001346693587088,11.704699910719626,3.0,0.0043161241597231,0.000336711181178
dev,dev-107-sphere-size36-sp3x1x1-offset1,sphere,12.003065327998952,11.638060166730726,3.0,0.0045760191406858,0.000766527771318
dev,dev-108-sphere-size36-sp3x1x1-offset2,sphere,12.003679006745982,11.53737886658452,3.0,0.0046498052329932,0.0009200336963681
dev,dev-109-ellipsoid-size6-sp3x1x1-rot0,ellipsoid,1.4544840290035754,1.0,3.0,0.0136687466189413,0.0256651888144368
dev,dev-110-ellipsoid-size6-sp3x1x1-rot1,ellipsoid,1.437569890356469,1.0540925533894598,3.0,0.0812428726102729,0.0097025763170955
dev,dev-111-ellipsoid-size6-sp3x1x1-rot2,ellipsoid,1.4202480846149883,1.0540925533894598,3.0,0.0862156241122485,0.0450703414486278
dev,dev-112-ellipsoid-size6-sp3x1x1-rot3,ellipsoid,1.4627955467311091,1.0,3.0,0.0163017826246597,0.0433490713802029
dev,dev-113-ellipsoid-size12-sp3x1x1-rot0,ellipsoid,2.885796437734629,2.0,3.0,0.0159736029838304,0.0013498502865081
dev,dev-114-ellipsoid-size12-sp3x1x1-rot1,ellipsoid,2.8868577826033,2.054804667656325,3.0,0.0169133874906592,0.0024550929468685
dev,dev-115-ellipsoid-size12-sp3x1x1-rot2,ellipsoid,2.891095378091666,2.054804667656325,3.0,0.0238744179010541,0.00687606358831
dev,dev-116-ellipsoid-size12-sp3x1x1-rot3,ellipsoid,2.8826077097920813,1.9436506316151003,3.0,0.0167373819300334,0.0019658776945729
dev,dev-117-ellipsoid-size24-sp3x1x1-rot0,ellipsoid,5.769734240288602,4.0,3.0,0.0025186024151723,0.0003827629586929
dev,dev-118-ellipsoid-size24-sp3x1x1-rot1,ellipsoid,5.758023875213497,4.013864859597432,3.0,0.0107129489393463,0.0056960716732892
dev,dev-119-ellipsoid-size24-sp3x1x1-rot2,ellipsoid,5.766279308779669,4.0276819911981905,3.0,0.0116129931206059,0.0014132563643927
dev,dev-120-ellipsoid-size24-sp3x1x1-rot3,ellipsoid,5.7681401707944895,4.123105625617661,3.0,0.0037583805740988,0.0004461690365773
dev,dev-121-ellipsoid-size48-sp3x1x1-rot0,ellipsoid,11.537409675661662,8.0,3.0,0.0047666290980128,0.0001525889549192
dev,dev-122-ellipsoid-size48-sp3x1x1-rot1,ellipsoid,11.5370775415322,8.006941432976209,3.0,0.0025005828258277,0.0002389360377598
dev,dev-123-ellipsoid-size48-sp3x1x1-rot2,ellipsoid,11.540398022686013,8.034647195462634,3.0,0.0020513978618623,0.0006245347906468
dev,dev-124-ellipsoid-size48-sp3x1x1-rot3,ellipsoid,11.53727682430462,7.986099033807292,3.0,0.0059952599187598,0.0001871277880554
dev,dev-125-cylinder-size3-sp3x1x1-rot0,cylinder,1.3061189257010903,0.9428090415820635,3.0,0.1575605625033248,0.0097025763170955
dev,dev-126-cylinder-size3-sp3x1x1-rot1,cylinder,1.295669526647082,0.9428090415820635,3.0,0.1711449215913343,0.0332810864047837
dev,dev-127-cylinder-size3-sp3x1x1-rot2,cylinder,1.3365046175719757,1.0,3.0,0.0834029336480034,0.061032953945969
dev,dev-128-cylinder-size3-sp3x1x1-rot3,cylinder,1.341436413615017,0.9428090415820635,3.0,0.1033256832340856,0.0728222089898131
dev,dev-129-cylinder-size6-sp3x1x1-rot0,cylinder,2.635356202270842,1.885618083164127,3.0,0.0915457519436261,0.0168232475315535
dev,dev-130-cylinder-size6-sp3x1x1-rot1,cylinder,2.634082467803569,2.0,3.0,0.0742075569921427,0.0153495906510729
dev,dev-131-cylinder-size6-sp3x1x1-rot2,cylinder,2.623847949961347,1.9436506316151003,3.0,0.0914368557356161,0.0035603356072289
dev,dev-132-cylinder-size6-sp3x1x1-rot3,cylinder,2.628975169546662,2.0275875100994063,3.0,0.0846107203879749,0.0094549631291509
dev,dev-133-cylinder-size12-sp3x1x1-rot0,cylinder,5.251546008347042,3.8873012632302006,3.0,0.055221039698652,0.0057708209279496
dev,dev-134-cylinder-size12-sp3x1x1-rot1,cylinder,5.239978688935351,4.0,3.0,0.0503175190933609,0.0008606350342125
dev,dev-135-cylinder-size12-sp3x1x1-rot2,cylinder,5.237078866157776,3.929942040850532,3.0,0.0502466111939708,0.002518499024753
dev,dev-136-cylinder-size12-sp3x1x1-rot3,cylinder,5.241588315715015,3.9721250959376615,3.0,0.0481335386232403,6.0400516087799616e-05
dev,dev-137-cylinder-size24-sp3x1x1-rot0,cylinder,10.472223089173593,8.0,3.0,0.0297000292448996,0.0030711203549332
dev,dev-138-cylinder-size24-sp3x1x1-rot1,cylinder,10.4820501176064,7.986099033807292,3.0,0.020703513532875,0.0002619619265172
dev,dev-139-cylinder-size24-sp3x1x1-rot2,cylinder,10.483498448057444,7.951240294584376,3.0,0.0188754778124812,0.0001525040711178
dev,dev-140-cylinder-size24-sp3x1x1-rot3,cylinder,10.48711752447024,7.965202096899014,3.0,0.0174316250887573,0.0011886690652056
dev,dev-141-sphere-size3-sp2x0.7x0.7-offset0,sphere,1.5322073110487286,1.4,2.8571,0.0091628896746066,0.0658076022387257
dev,dev-142-sphere-size3-sp2x0.7x0.7-offset1,sphere,1.498241330149874,1.2206555615733703,2.8571,0.0480644027384999,0.0035132174190775
dev,dev-143-sphere-size3-sp2x0.7x0.7-offset2,sphere,1.4938859528733288,1.2206555615733703,2.8571,0.0516719349650545,0.0121783198763029
dev,dev-144-sphere-size6-sp2x0.7x0.7-offset0,sphere,3.008377880387307,2.6575364531836625,2.8571,0.0192205240879592,0.0084012984596073
dev,dev-145-sphere-size6-sp2x0.7x0.7-offset1,sphere,3.007300381054314,2.6575364531836625,2.8571,0.0211265863637103,0.0073181606524541
dev,dev-146-sphere-size6-sp2x0.7x0.7-offset2,sphere,2.9997361728014647,2.814249455894058,2.8571,0.0211327224650302,0.000263803997618
dev,dev-147-sphere-size12-sp2x0.7x0.7-offset0,sphere,6.003532079109775,5.666127425323225,2.8571,0.0100451425113526,0.0017670793907942
dev,dev-148-sphere-size12-sp2x0.7x0.7-offset1,sphere,6.005424743825043,5.666127425323225,2.8571,0.0099362061780796,0.0027148249720532
dev,dev-149-sphere-size12-sp2x0.7x0.7-offset2,sphere,5.995949460268169,5.8,2.8571,0.0121735102623433,0.0020239029342419
dev,dev-150-sphere-size24-sp2x0.7x0.7-offset0,sphere,11.99989252862828,11.7983049630021,2.8571,0.0034268518648356,2.6867602303193298e-05
dev,dev-151-sphere-size24-sp2x0.7x0.7-offset1,sphere,12.000907902592663,11.720174913370533,2.8571,0.0032482872680092,0.0002269928212483
dev,dev-152-sphere-size24-sp2x0.7x0.7-offset2,sphere,11.9953550923247,11.84324702098204,2.8571,0.0048376025589584,0.0011607774941666
dev,dev-153-sphere-size36-sp2x0.7x0.7-offset0,sphere,18.00253875902482,17.68516327320729,2.8571,0.0016843252051673,0.0004231861856225
dev,dev-154-sphere-size36-sp2x0.7x0.7-offset1,sphere,18.001877003827925,17.59836640145897,2.8571,0.0016926676540345,0.0003128665941534
dev,dev-155-sphere-size36-sp2x0.7x0.7-offset2,sphere,18.002989927857627,17.629662503859794,2.8571,0.0016113534411934,0.0004984040888971
dev,dev-156-ellipsoid-size6-sp2x0.7x0.7-rot0,ellipsoid,2.1712267181478997,1.5652475842498528,2.8571,0.013989471242,0.0109286200096314
dev,dev-157-ellipsoid-size6-sp2x0.7x0.7-rot1,ellipsoid,2.169156910679652,1.4916433890176297,2.8571,0.0125926872466349,0.0080402525238896
dev,dev-158-ellipsoid-size6-sp2x0.7x0.7-rot2,ellipsoid,2.1524543660672,1.4916433890176297,2.8571,0.0374659618156077,0.0150666873620448
dev,dev-159-ellipsoid-size6-sp2x0.7x0.7-rot3,ellipsoid,2.154556373619832,1.443086968966181,2.8571,0.0385449245592814,0.0121783198763029
dev,dev-160-ellipsoid-size12-sp2x0.7x0.7-rot0,ellipsoid,4.331570048717806,2.886173937932362,2.8571,0.0197497821410295,0.0033466553595591
dev,dev-161-ellipsoid-size12-sp2x0.7x0.7-rot1,ellipsoid,4.333128167574749,3.054504869860253,2.8571,0.0193429880417561,0.0044297931667123
dev,dev-162-ellipsoid-size12-sp2x0.7x0.7-rot2,ellipsoid,4.320109437004513,3.0037476591751178,2.8571,0.0322299139306967,0.0045963552262308
dev,dev-163-ellipsoid-size12-sp2x0.7x0.7-rot3,ellipsoid,4.325847333606435,2.993743475984541,2.8571,0.0239050407357757,0.0006248499333358
dev,dev-164-ellipsoid-size24-sp2x0.7x0.7-rot0,ellipsoid,8.657030962720707,5.949999999999999,2.8571,0.0080415412480325,0.0012255104872174
dev,dev-165-ellipsoid-size24-sp2x0.7x0.7-rot1,ellipsoid,8.657161034103664,5.997707895521422,2.8571,0.0051974213588944,0.0012706412291823
dev,dev-166-ellipsoid-size24-sp2x0.7x0.7-rot2,ellipsoid,8.657291101578167,6.0074953183502355,2.8571,0.0076529509999774,0.0013157719711469
dev,dev-167-ellipsoid-size24-sp2x0.7x0.7-rot3,ellipsoid,8.655990250917485,5.987486951969082,2.8571,0.0050954420665003,0.0008644645514996
dev,dev-168-ellipsoid-size48-sp2x0.7x0.7-rot0,ellipsoid,17.30697002408821,11.946233716113207,2.8571,0.0052368153571646,4.302231320973959e-06
dev,dev-169-ellipsoid-size48-sp2x0.7x0.7-rot1,ellipsoid,17.30426836821014,11.995415791042843,2.8571,0.0033935962553827,0.0004725336792048
dev,dev-170-ellipsoid-size48-sp2x0.7x0.7-rot2,ellipsoid,17.30866219810922,12.014990636700471,2.8571,0.0024474943918866,0.0002890475914496
dev,dev-171-ellipsoid-size48-sp2x0.7x0.7-rot3,ellipsoid,17.306351647184908,11.967142516072917,2.8571,0.0019229069470653,0.0001114877434871
dev,dev-172-cylinder-size3-sp2x0.7x0.7-rot0,cylinder,1.9146360876482704,1.4849242404917495,2.8571,0.176818297276513,0.0757224045626226
dev,dev-173-cylinder-size3-sp2x0.7x0.7-rot1,cylinder,1.9739420980634603,1.443086968966181,2.8571,0.0768772278555012,0.0128541983334593
dev,dev-174-cylinder-size3-sp2x0.7x0.7-rot2,cylinder,1.976440761614484,1.407124727947029,2.8571,0.056753289211782,0.0167053549811151
dev,dev-175-cylinder-size3-sp2x0.7x0.7-rot3,cylinder,1.9739420980634603,1.5652475842498528,2.8571,0.0914566519403335,0.0128541983334593
dev,dev-176-cylinder-size6-sp2x0.7x0.7-rot0,cylinder,3.9321854292411738,2.969848480983499,2.8571,0.0894047472545409,0.0008193338095352
dev,dev-177-cylinder-size6-sp2x0.7x0.7-rot1,cylinder,3.9283990182049617,2.9937434759845405,2.8571,0.0855261724380239,0.0020690336762066
dev,dev-178-cylinder-size6-sp2x0.7x0.7-rot2,cylinder,3.9328157892117734,2.886173937932362,2.8571,0.0832219157020582,0.001300728390492
dev,dev-179-cylinder-size6-sp2x0.7x0.7-rot3,cylinder,3.9271352577773335,2.969848480983499,2.8571,0.0863606770445399,0.0030318228381206
dev,dev-180-cylinder-size12-sp2x0.7x0.7-rot0,cylinder,7.858692610400987,5.825160941982633,2.8571,0.0495010801117354,0.0013469418047712
dev,dev-181-cylinder-size12-sp2x0.7x0.7-rot1,cylinder,7.863740346905967,5.980802621722272,2.8571,0.038080014939026,0.0005786365190567
dev,dev-182-cylinder-size12-sp2x0.7x0.7-rot2,cylinder,7.86184820526726,5.956718895499434,2.8571,0.040517404107189,0.0001434553523788
dev,dev-183-cylinder-size12-sp2x0.7x0.7-rot3,cylinder,7.859955152411689,5.951680434969606,2.8571,0.0401017746069994,0.0008655472238142
dev,dev-184-cylinder-size24-sp2x0.7x0.7-rot0,cylinder,15.721645829636524,11.843247020982039,2.8571,0.0302712037771037,0.0005345884494063
dev,dev-185-cylinder-size24-sp2x0.7x0.7-rot1,cylinder,15.725312837682702,11.974973903938162,2.8571,0.0191949276334872,0.0001649380510466
dev,dev-186-cylinder-size24-sp2x0.7x0.7-rot2,cylinder,15.724603227662216,11.961605243444543,2.8571,0.0208967306510697,2.954582515268811e-05
dev,dev-187-cylinder-size24-sp2x0.7x0.7-rot3,cylinder,15.72464265212136,11.974973903938162,2.8571,0.0169273378741778,3.7067615479946525e-05
confirm,confirm-000-sphere-size5-sp1.5x1x1-offset0,sphere,3.342646974180369,3.1269438398822866,1.5,0.0208171665857037,0.0084057194302489
confirm,confirm-001-sphere-size5-sp1.5x1x1-offset1,sphere,3.310688545402854,3.073181485764296,1.5,0.0365201223977746,0.0202421703262922
confirm,confirm-002-sphere-size10-sp1.5x1x1-offset0,sphere,6.667043203455369,6.182412330330469,1.5,0.0112933969143292,0.0001694511252432
confirm,confirm-003-sphere-size10-sp1.5x1x1-offset1,sphere,6.667838793344001,6.1553951042064625,1.5,0.0111789581316308,0.0005275497472001
confirm,confirm-004-sphere-size20-sp1.5x1x1-offset0,sphere,13.335080938770483,13.148721948877347,1.5,0.0040228132235559,0.0003932627639662
confirm,confirm-005-sphere-size20-sp1.5x1x1-offset1,sphere,13.333091726673194,12.944325225965066,1.5,0.0043788258661391,5.436051347973425e-05
confirm,confirm-006-sphere-size30-sp1.5x1x1-offset0,sphere,20.004842117107582,19.447936194419764,1.5,0.00124320681972,0.0007264934260651
confirm,confirm-007-sphere-size30-sp1.5x1x1-offset1,sphere,20.00386992710089,19.436506316151,1.5,0.001227224993425,0.0005806013948974
confirm,confirm-008-ellipsoid-size10-sp1.5x1x1-rot0,ellipsoid,4.312709671069407,3.144660377352201,1.5,0.0190107739765604,0.0026761414789409
confirm,confirm-009-ellipsoid-size10-sp1.5x1x1-rot1,ellipsoid,4.312709671069407,3.144660377352201,1.5,0.0141531899492062,0.0026761414789409
confirm,confirm-010-ellipsoid-size10-sp1.5x1x1-rot2,ellipsoid,4.305090026804623,3.073181485764296,1.5,0.0175175124204537,0.002629023290789
confirm,confirm-011-ellipsoid-size20-sp1.5x1x1-rot0,ellipsoid,8.627320470554388,5.962847939999439,1.5,0.0061326793291531,0.0033392870751569
confirm,confirm-012-ellipsoid-size20-sp1.5x1x1-rot1,ellipsoid,8.613994932288994,6.036923425424945,1.5,0.0084150661513134,0.0013027320983565
confirm,confirm-013-ellipsoid-size20-sp1.5x1x1-rot2,ellipsoid,8.622090349395139,6.009252125773315,1.5,0.0074535608152652,0.0015156366855624
confirm,confirm-014-ellipsoid-size40-sp1.5x1x1-rot0,ellipsoid,17.23192131894989,12.0,1.5,0.0030611526658256,0.0006188632022585
confirm,confirm-015-ellipsoid-size40-sp1.5x1x1-rot1,ellipsoid,17.234303145763313,12.023125864580955,1.5,0.0034894636574889,0.0002043972046233
confirm,confirm-016-ellipsoid-size40-sp1.5x1x1-rot2,ellipsoid,17.235136629632603,12.023125864580955,1.5,0.0034656922785089,5.933410545111428e-05
confirm,confirm-017-cylinder-size5-sp1.5x1x1-rot0,cylinder,4.2431376717882205,3.3333333333333335,1.5,0.0109600284989617,0.1000789666511805
confirm,confirm-018-cylinder-size5-sp1.5x1x1-rot1,cylinder,4.073391020055801,3.3333333333333335,1.5,0.0940296241396739,0.0267356920044415
confirm,confirm-019-cylinder-size5-sp1.5x1x1-rot2,cylinder,4.105116527136192,3.2829526005987013,1.5,0.077116757796495,0.0038173801992087
confirm,confirm-020-cylinder-size10-sp1.5x1x1-rot0,cylinder,8.282525517838161,6.565905201197403,1.5,0.0399801795090831,0.0227296643085195
confirm,confirm-021-cylinder-size10-sp1.5x1x1-rot1,cylinder,8.204982871836519,6.599663291074443,1.5,0.0541059354074003,0.0057272395163114
confirm,confirm-022-cylinder-size10-sp1.5x1x1-rot2,cylinder,8.22018994333156,6.6332495807108,1.5,0.0478513189420334,0.0001886474967134
confirm,confirm-023-cylinder-size20-sp1.5x1x1-rot0,cylinder,16.388002821387513,13.097921802925667,1.5,0.0399007745358674,0.0097140708407633
confirm,confirm-024-cylinder-size20-sp1.5x1x1-rot1,cylinder,16.430822056960853,13.220354676701293,1.5,0.0328851158766843,0.0019313941235696
confirm,confirm-025-cylinder-size20-sp1.5x1x1-rot2,cylinder,16.443388956523282,13.220354676701293,1.5,0.0286838695339067,0.0003604370569536
confirm,confirm-026-sphere-size5-sp2.5x0.8x0.8-offset0,sphere,2.0015282782956136,1.745852227423616,3.125,0.0166484249103133,0.0022941696155203
confirm,confirm-027-sphere-size5-sp2.5x0.8x0.8-offset1,sphere,2.0136590488681874,1.745852227423616,3.125,0.0035815995880594,0.0206288190597063
confirm,confirm-028-sphere-size10-sp2.5x0.8x0.8-offset0,sphere,4.010669843393049,3.618839593018735,3.125,0.0115295252318452,0.0080237475668285
confirm,confirm-029-sphere-size10-sp2.5x0.8x0.8-offset1,sphere,3.990303008458437,3.865126129895375,3.125,0.0183696024386417,0.0072551269699935
confirm,confirm-030-sphere-size20-sp2.5x0.8x0.8-offset0,sphere,7.998095923357026,7.7678311001205484,3.125,0.0005963486990638,0.0007138588089167
confirm,confirm-031-sphere-size20-sp2.5x0.8x0.8-offset1,sphere,7.99618469791546,7.839285681744224,3.125,0.0001449120780598,0.0014300560528301
confirm,confirm-032-sphere-size30-sp2.5x0.8x0.8-offset0,sphere,12.003573360284314,11.615782367107261,3.125,0.004734888209225,0.0008936061163116
confirm,confirm-033-sphere-size30-sp2.5x0.8x0.8-offset1,sphere,12.00204618808459,11.553908429618092,3.125,0.0042254695630767,0.000511634252891
confirm,confirm-034-ellipsoid-size10-sp2.5x0.8x0.8-rot0,ellipsoid,2.58183213604422,1.8659046063504963,3.125,0.0258371803035213,0.0040437338960501
confirm,confirm-035-ellipsoid-size10-sp2.5x0.8x0.8-rot1,ellipsoid,2.585494314195492,1.8659046063504963,3.125,0.032159492743658,0.0002003979197335
confirm,confirm-036-ellipsoid-size10-sp2.5x0.8x0.8-rot2,ellipsoid,2.5952097434365013,1.9923855048659636,3.125,0.0269669479625758,0.0115180827618239
confirm,confirm-037-ellipsoid-size20-sp2.5x0.8x0.8-rot0,ellipsoid,5.177380462621409,3.577708763999664,3.125,0.0021802927854431,0.0039140132585444
confirm,confirm-038-ellipsoid-size20-sp2.5x0.8x0.8-rot1,ellipsoid,5.173120995077371,3.6353816856005645,3.125,0.0076525779526118,0.0014382696993373
confirm,confirm-039-ellipsoid-size20-sp2.5x0.8x0.8-rot2,ellipsoid,5.173729919924979,3.618839593018735,3.125,0.0104406063280674,0.0017919473506524
confirm,confirm-040-ellipsoid-size40-sp2.5x0.8x0.8-rot0,ellipsoid,10.340910523689637,7.047268974574477,3.125,0.0036464754755849,0.0001090700251672
confirm,confirm-041-ellipsoid-size40-sp2.5x0.8x0.8-rot1,ellipsoid,10.33923378404113,7.247068372797375,3.125,0.0008788506286805,0.0005953767957259
confirm,confirm-042-ellipsoid-size40-sp2.5x0.8x0.8-rot2,ellipsoid,10.342434360749712,7.23767918603747,3.125,0.0020846060001642,0.0003330270389769
confirm,confirm-043-cylinder-size5-sp2.5x0.8x0.8-rot0,cylinder,2.46809660352326,2.023857702507763,3.125,0.1084357010733145,0.00229416961552
confirm,confirm-044-cylinder-size5-sp2.5x0.8x0.8-rot1,cylinder,2.4478653935566954,1.8867962264113207,3.125,0.1144468362364727,0.022152029643395
confirm,confirm-045-cylinder-size5-sp2.5x0.8x0.8-rot2,cylinder,2.462734073638299,1.886796226411321,3.125,0.0881126339259977,0.0042248168535239
confirm,confirm-046-cylinder-size10-sp2.5x0.8x0.8-rot0,cylinder,4.92613983256343,3.8533102652135347,3.125,0.0673919620928382,0.0038173801992087
confirm,confirm-047-cylinder-size10-sp2.5x0.8x0.8-rot1,cylinder,4.932846634354903,3.946035985644328,3.125,0.0582746725616651,0.0002569863439438
confirm,confirm-048-cylinder-size10-sp2.5x0.8x0.8-rot2,cylinder,4.932846634354903,3.9567663565088105,3.125,0.049590134811415,0.0002569863439438
confirm,confirm-049-cylinder-size20-sp2.5x0.8x0.8-rot0,cylinder,9.864018562639826,7.90341698254622,3.125,0.0335817508970196,0.0002523094739502
confirm,confirm-050-cylinder-size20-sp2.5x0.8x0.8-rot1,cylinder,9.867283713014888,7.987590375075579,3.125,0.0208214791679736,0.0007408173709431
confirm,confirm-051-cylinder-size20-sp2.5x0.8x0.8-rot2,cylinder,9.864102311449594,7.9027083964929385,3.125,0.0179854231234886,0.0002268446830554
confirm,confirm-052-sphere-size5-sp4x1x1-offset0,sphere,1.2342050461176612,1.0606601717798212,4.0,0.0441900725479482,0.0374309041802169
confirm,confirm-053-sphere-size5-sp4x1x1-offset1,sphere,1.2374615389060868,1.0,4.0,0.0786243889297203,0.029791466911806
confirm,confirm-054-sphere-size10-sp4x1x1-offset0,sphere,2.518015477394961,2.449489742783178,4.0,0.0157494014505623,0.0217747346499681
confirm,confirm-055-sphere-size10-sp4x1x1-offset1,sphere,2.4854341480762296,2.1213203435596424,4.0,0.0179705974283168,0.0173773813506381
confirm,confirm-056-sphere-size20-sp4x1x1-offset0,sphere,5.00842490559545,4.58257569495584,4.0,0.0032482395603046,0.005063465625319
confirm,confirm-057-sphere-size20-sp4x1x1-offset1,sphere,4.995902300295872,4.7762432936357,4.0,0.0001406428880247,0.0024566054357729
confirm,confirm-058-sphere-size30-sp4x1x1-offset0,sphere,7.501561702542063,7.280109889280518,4.0,0.0068357254635234,0.0006248111013118
confirm,confirm-059-sphere-size30-sp4x1x1-offset1,sphere,7.505625100787477,7.433034373659253,4.0,0.0077117507006161,0.0022517282973624
confirm,confirm-060-ellipsoid-size10-sp4x1x1-rot0,ellipsoid,1.6257782104178669,1.0,4.0,0.0153744112455961,0.0185916357881303
confirm,confirm-061-ellipsoid-size10-sp4x1x1-rot1,ellipsoid,1.604810383608357,1.25,4.0,0.0520730231947701,0.0203129058565552
confirm,confirm-062-ellipsoid-size10-sp4x1x1-rot2,ellipsoid,1.6295329078420528,1.118033988749895,4.0,0.0389370101123832,0.0256651888144368
confirm,confirm-063-ellipsoid-size20-sp4x1x1-rot0,ellipsoid,3.2302480996083727,2.25,4.0,0.0119849880179115,0.0013027320983565
confirm,confirm-064-ellipsoid-size20-sp4x1x1-rot1,ellipsoid,3.226908106577092,2.23606797749979,4.0,0.0211454534775799,0.0043974115473656
confirm,confirm-065-ellipsoid-size20-sp4x1x1-rot2,ellipsoid,3.2134784881980663,2.25,4.0,0.0296435009434897,0.0167761293434018
confirm,confirm-066-ellipsoid-size40-sp4x1x1-rot0,ellipsoid,6.459542761156971,4.5,4.0,0.0023565597938277,0.0017448291625007
confirm,confirm-067-ellipsoid-size40-sp4x1x1-rot1,ellipsoid,6.463950055341111,4.5,4.0,0.0062436179499516,0.000299869759166
confirm,confirm-068-ellipsoid-size40-sp4x1x1-rot2,ellipsoid,6.4674002244348054,4.47213595499958,4.0,0.0026789849876673,0.0019024716166886
confirm,confirm-069-cylinder-size5-sp4x1x1-rot0,cylinder,1.5039800830762518,1.25,4.0,0.1895125849684572,0.0710444281612252
confirm,confirm-070-cylinder-size5-sp4x1x1-rot1,cylinder,1.5529413112154995,1.25,4.0,0.1053231484596528,0.0226660023312825
confirm,confirm-071-cylinder-size5-sp4x1x1-rot2,cylinder,1.5383686163831891,1.224744871391589,4.0,0.1203545381646431,0.0058545634707849
confirm,confirm-072-cylinder-size10-sp4x1x1-rot0,cylinder,3.1906802127340717,2.462214450449026,4.0,0.0084683797186424,0.1087369955553796
confirm,confirm-073-cylinder-size10-sp4x1x1-rot1,cylinder,3.0788373953521435,2.449489742783178,4.0,0.0786893510861413,0.0038173801992087
confirm,confirm-074-cylinder-size10-sp4x1x1-rot2,cylinder,3.086687601171355,2.449489742783178,4.0,0.0665471354130645,0.0038220570692022
confirm,confirm-075-cylinder-size20-sp4x1x1-rot0,cylinder,6.081174016104588,4.924428900898052,4.0,0.0732363982907122,0.0404866790875814
confirm,confirm-076-cylinder-size20-sp4x1x1-rot1,cylinder,6.166450710579318,4.911720676097125,4.0,0.0279314412242297,0.000447972275654
confirm,confirm-077-cylinder-size20-sp4x1x1-rot2,cylinder,6.166450710579318,4.949747468305833,4.0,0.0216119076795325,0.000447972275654
