case_id,grid,shape,spacing,anisotropy,rho_frozen,rho_eff,stencil_m,n_directions,apriori_bound,in_domain,domain_reasons,area_true,area_v2,area_rel_err,area_E0,area_E0_rel_err,volume_true,volume_est,volume_rel_err,sphericity_true,sphericity_v2,sphericity_rel_err
confirm-000-sphere-size5-sp1.5x1x1-offset0,confirm,sphere,1.5x1.0x1.0,1.5,3.3333333333333335,3.342646974180369,2,49,0.05065120453804725,False,rho_eff 3.34 < 8.0,314.1592653589793,307.61935959755914,-0.02081716658570376,345.21112060546875,0.09884112509305587,523.5987755982989,528.0,0.008405719430248926,0.9999999999999997,1.0269746947598644,0.026974694759864803
confirm-001-sphere-size5-sp1.5x1x1-offset1,confirm,sphere,1.5x1.0x1.0,1.5,3.3333333333333335,3.310688545402854,2,49,0.051144542595083956,False,rho_eff 3.31 < 8.0,314.1592653589793,302.6861305356744,-0.03652012239777469,339.0984802246094,0.07938398645391809,523.5987755982989,513.0,-0.020242170326292275,0.9999999999999997,1.0238504207005465,0.023850420700546993
confirm-002-sphere-size10-sp1.5x1x1-offset0,confirm,sphere,1.5x1.0x1.0,1.5,6.666666666666667,6.667043203455369,3,145,0.02635381406329451,False,rho_eff 6.67 < 8.0,1256.6370614359173,1242.445360323865,-0.01129339691432929,1379.12939453125,0.09747630151490583,4188.790204786391,4189.5,0.00016945112524324735,0.9999999999999997,1.0115366490983173,0.011536649098317753
confirm-003-sphere-size10-sp1.5x1x1-offset1,confirm,sphere,1.5x1.0x1.0,1.5,6.666666666666667,6.667838793344001,3,145,0.02635056355259721,False,rho_eff 6.67 < 8.0,1256.6370614359173,1242.5891683394696,-0.011178958131630834,1382.7484130859375,0.10035622497550478,4188.790204786391,4191.0,0.0005275497472001511,0.9999999999999997,1.0116609847069653,0.011660984706965749
confirm-004-sphere-size20-sp1.5x1x1-offset0,confirm,sphere,1.5x1.0x1.0,1.5,13.333333333333334,13.335080938770483,4,289,0.01478170912536449,True,,5026.548245743669,5006.32738099185,-0.00402281322355591,5536.95068359375,0.10154133868749282,33510.32163829113,33523.5,0.00039326276396622895,0.9999999999999994,1.004302278481346,0.0043022784813466775
confirm-005-sphere-size20-sp1.5x1x1-offset1,confirm,sphere,1.5x1.0x1.0,1.5,13.333333333333334,13.333091726673194,4,289,0.014783191601552328,True,,5026.548245743669,5004.53786626781,-0.0043788258661391355,5534.951171875,0.10114354847023121,33510.32163829113,33508.5,-5.436051347973425e-05,0.9999999999999994,1.00436168425129,0.004361684251290576
confirm-006-sphere-size30-sp1.5x1x1-offset0,confirm,sphere,1.5x1.0x1.0,1.5,20.0,20.004842117107582,4,289,0.012021260108816736,True,,11309.733552923255,11295.673215041044,-0.0012432068197200108,12465.53125,0.10219495372444065,113097.33552923254,113179.5,0.0007264934260651223,0.9999999999999996,1.0017296274303404,0.0017296274303408854
confirm-007-sphere-size30-sp1.5x1x1-offset1,confirm,sphere,1.5x1.0x1.0,1.5,20.0,20.00386992710089,4,289,0.012021474681210051,True,,11309.733552923255,11295.85396523813,-0.0012272249934250912,12462.0234375,0.10188479500287695,113097.33552923254,113163.0,0.000580601394897462,0.9999999999999996,1.0016162386327991,0.0016162386327995826
confirm-008-ellipsoid-size10-sp1.5x1x1-rot0,confirm,ellipsoid,1.5x1.0x1.0,1.5,3.0,4.312709671069407,2,49,0.04049757732075795,False,rho_eff 4.31 < 8.0,568.773361551602,557.960539731256,-0.01901077397656048,609.969482421875,0.07242976492058428,1130.9733552923253,1134.0,0.0026761414789409077,0.9229534383814795,0.9425173246290843,0.021197045738204023
confirm-009-ellipsoid-size10-sp1.5x1x1-rot1,confirm,ellipsoid,1.5x1.0x1.0,1.5,3.0,4.312709671069407,2,49,0.04049757732075795,False,rho_eff 4.31 < 8.0,568.773361551602,560.7234041275136,-0.014153189949206224,617.1531982421875,0.08505995526690335,1130.9733552923253,1134.0,0.0026761414789409077,0.9229534383814795,0.9378732388999972,0.01616527974009352
confirm-010-ellipsoid-size10-sp1.5x1x1-rot2,confirm,ellipsoid,1.5x1.0x1.0,1.5,3.0,4.305090026804623,2,49,0.04055170303273886,False,rho_eff 4.31 < 8.0,568.773361551602,558.8098671261986,-0.01751751242045374,627.9351806640625,0.10401650835241005,1130.9733552923253,1128.0,-0.0026290232907890676,0.9229534383814795,0.9377623482741312,0.01604513215598513
confirm-011-ellipsoid-size20-sp1.5x1x1-rot0,confirm,ellipsoid,1.5x1.0x1.0,1.5,6.0,8.627320470554388,3,145,0.020866745262431572,True,,2275.093446206408,2261.141027656966,-0.006132679329153179,2464.485107421875,0.08324566251609022,9047.786842338603,9078.0,0.0033392870751569603,0.9229534383814795,0.930714742607768,0.008409204520543279
confirm-012-ellipsoid-size20-sp1.5x1x1-rot1,confirm,ellipsoid,1.5x1.0x1.0,1.5,6.0,8.613994932288994,3,145,0.020891933858491602,True,,2275.093446206408,2255.948384356161,-0.008415066151313488,2468.89599609375,0.08518443504397455,9047.786842338603,9036.0,-0.0013027320983565183,0.9229534383814795,0.9299775124817176,0.007610431694751174
confirm-013-ellipsoid-size20-sp1.5x1x1-rot2,confirm,ellipsoid,1.5x1.0x1.0,1.5,6.0,8.622090349395139,3,145,0.020876617575173742,True,,2275.093446206408,2258.135898844697,-0.00745356081526527,2541.384033203125,0.1170459997767308,9047.786842338603,9061.5,0.001515636685562427,0.9229534383814795,0.9308237289649312,0.008527288870880945
confirm-014-ellipsoid-size40-sp1.5x1x1-rot0,confirm,ellipsoid,1.5x1.0x1.0,1.5,12.0,17.23192131894989,4,289,0.01278886573757774,True,,9100.373784825631,9072.516151354203,-0.0030611526658256283,9824.6103515625,0.07958316700622703,72382.29473870882,72337.5,-0.0006188632022585683,0.9229534383814793,0.925405418411329,0.002656667094874887
confirm-015-ellipsoid-size40-sp1.5x1x1-rot1,confirm,ellipsoid,1.5x1.0x1.0,1.5,12.0,17.234303145763313,4,289,0.012788043465670917,True,,9100.373784825631,9068.618361233917,-0.0034894636574889226,9899.509765625,0.08781353378384127,72382.29473870882,72367.5,-0.0002043972046233966,0.9229534383814793,0.9260591176639572,0.0033649360339609302
confirm-016-ellipsoid-size40-sp1.5x1x1-rot2,confirm,ellipsoid,1.5x1.0x1.0,1.5,12.0,17.235136629632603,4,289,0.01278775580470822,True,,9100.373784825631,9068.834689668016,-0.003465692278508903,10138.67578125,0.11409443402815822,72382.29473870882,72378.0,-5.933410545111428e-05,0.9229534383814793,0.9261265994138549,0.0034380510439835366
confirm-017-cylinder-size5-sp1.5x1x1-rot0,confirm,cylinder,1.5x1.0x1.0,1.5,3.3333333333333335,4.2431376717882205,2,49,0.041002657435921575,False,rho_eff 4.24 < 8.0,549.7787143782137,543.753124000506,-0.010960028498961716,582.2884521484375,0.059132405311455916,981.7477042468104,1080.0,0.10007896665118055,0.8688859993676283,0.9361918650398197,0.07746225134387741
confirm-018-cylinder-size5-sp1.5x1x1-rot1,confirm,cylinder,1.5x1.0x1.0,1.5,3.3333333333333335,4.073391020055801,2,49,0.04234540480075906,False,rho_eff 4.07 < 8.0,549.7787143782137,498.0832285052371,-0.09402962413967397,569.6593627929688,0.03616118248091782,981.7477042468104,955.5,-0.02673569200444159,0.8688859993676283,0.9418953807473776,0.08402642168579666
confirm-019-cylinder-size5-sp1.5x1x1-rot2,confirm,cylinder,1.5x1.0x1.0,1.5,3.3333333333333335,4.105116527136192,2,49,0.04208173711930723,False,rho_eff 4.11 < 8.0,549.7787143782137,507.3815624198406,-0.07711675779649507,575.9465942382812,0.047597113485309706,981.7477042468104,978.0,-0.003817380199208742,0.8688859993676283,0.9390931647782659,0.08080135421877443
confirm-020-cylinder-size10-sp1.5x1x1-rot0,confirm,cylinder,1.5x1.0x1.0,1.5,6.666666666666667,8.282525517838161,3,145,0.021558151057116955,True,,2199.114857512855,2111.193850748399,-0.03998017950908317,2268.215576171875,0.03142205984510116,7853.981633974483,8032.5,0.022729664308519526,0.8688859993676283,0.9187340978425206,0.0573701250925569
confirm-021-cylinder-size10-sp1.5x1x1-rot1,confirm,cylinder,1.5x1.0x1.0,1.5,6.666666666666667,8.204982871836519,3,145,0.021725770584899454,True,,2199.114857512855,2080.12969107881,-0.054105935407400385,2366.653564453125,0.07618460962505269,7853.981633974483,7809.0,-0.005727239516311489,0.8688859993676283,0.9150763404313258,0.053160415862742116
confirm-022-cylinder-size10-sp1.5x1x1-rot2,confirm,cylinder,1.5x1.0x1.0,1.5,6.666666666666667,8.22018994333156,3,145,0.021692524052009263,True,,2199.114857512855,2093.884311075843,-0.04785131894203343,2388.928466796875,0.08631364052475843,7853.981633974483,7852.5,-0.0001886474967134344,0.8688859993676283,0.9124380863716031,0.05012405198803038
confirm-023-cylinder-size20-sp1.5x1x1-rot0,confirm,cylinder,1.5x1.0x1.0,1.5,13.333333333333334,16.388002821387513,4,289,0.01310316560032905,True,,8796.45943005142,8445.473885619032,-0.03990077453586749,8986.328125,0.021584672385338344,62831.853071795864,62221.5,-0.009714070840763367,0.8688859993676283,0.8991257154011375,0.0348028579762103
confirm-024-cylinder-size20-sp1.5x1x1-rot1,confirm,cylinder,1.5x1.0x1.0,1.5,13.333333333333334,16.430822056960853,4,289,0.013086043473343741,True,,8796.45943005142,8507.186842389627,-0.0328851158766843,9659.595703125,0.09812314601541172,62831.853071795864,62710.5,-0.0019313941235696852,0.8688859993676283,0.8972738182016775,0.032671511400470976
confirm-025-cylinder-size20-sp1.5x1x1-rot2,confirm,cylinder,1.5x1.0x1.0,1.5,13.333333333333334,16.443388956523282,4,289,0.013081043719069506,True,,8796.45943005142,8544.14293539952,-0.02868386953390678,9669.185546875,0.09921333961276257,62831.853071795864,62854.5,0.00036043705695365524,0.8688859993676283,0.8947599503145612,0.029778303443448007
confirm-026-sphere-size5-sp2.5x0.8x0.8-offset0,confirm,sphere,2.5x0.8x0.8,3.125,2.0,2.0015282782956136,2,49,0.09033726238878495,False,rho_eff 2.00 < 8.0;anisotropy 3.12 > 3.0,314.1592653589793,308.92900841977115,-0.016648424910313375,361.73370361328125,0.15143414025984625,523.5987755982989,524.8000000000001,0.002294169615520314,0.9999999999999997,1.0184850338119469,0.018485033811947327
confirm-027-sphere-size5-sp2.5x0.8x0.8-offset1,confirm,sphere,2.5x0.8x0.8,3.125,2.0,2.0136590488681874,2,49,0.09002426220646283,False,rho_eff 2.01 < 8.0;anisotropy 3.12 > 3.0,314.1592653589793,313.03407266358454,-0.003581599588059481,365.726318359375,0.16414302771389444,523.5987755982989,534.4,0.02062881905970637,0.9999999999999997,1.0173494295700434,0.017349429570043817
confirm-028-sphere-size10-sp2.5x0.8x0.8-offset0,confirm,sphere,2.5x0.8x0.8,3.125,4.0,4.010669843393049,4,289,0.04839074731955384,False,rho_eff 4.01 < 8.0;anisotropy 3.12 > 3.0,1256.6370614359173,1242.14863272882,-0.01152952523184525,1468.97998046875,0.16897712597318715,4188.790204786391,4222.400000000001,0.008023747566828554,0.9999999999999997,1.0170683522739548,0.0170683522739552
confirm-029-sphere-size10-sp2.5x0.8x0.8-offset1,confirm,sphere,2.5x0.8x0.8,3.125,4.0,3.9903030084584366,4,289,0.048610174206289256,False,rho_eff 3.99 < 8.0;anisotropy 3.12 > 3.0,1256.6370614359173,1233.5531382076765,-0.01836960243864172,1449.58642578125,0.15354422550999391,4188.790204786391,4158.400000000001,-0.007255126969993531,0.9999999999999997,1.013780118952382,0.013780118952382514
confirm-030-sphere-size20-sp2.5x0.8x0.8-offset0,confirm,sphere,2.5x0.8x0.8,3.125,8.0,7.998095923357026,4,289,0.03234155969622843,False,rho_eff 8.00 < 8.0;anisotropy 3.12 > 3.0,5026.548245743669,5029.5458212508,0.0005963486990638867,5856.18115234375,0.16505022254637436,33510.32163829113,33486.4,-0.000713858808916723,0.9999999999999994,0.998928327879028,-0.0010716721209714786
confirm-031-sphere-size20-sp2.5x0.8x0.8-offset1,confirm,sphere,2.5x0.8x0.8,3.125,8.0,7.99618469791546,4,289,0.03234413724478684,False,rho_eff 8.00 < 8.0;anisotropy 3.12 > 3.0,5026.548245743669,5025.81983819191,-0.00014491207805988893,5847.755859375,0.16337406376765706,33510.32163829113,33462.4,-0.0014300560528301975,0.9999999999999994,0.9991911967973531,-0.0008088032026463132
confirm-032-sphere-size30-sp2.5x0.8x0.8-offset0,confirm,sphere,2.5x0.8x0.8,3.125,12.0,12.003573360284314,4,289,0.029343810535279364,False,anisotropy 3.12 > 3.0,11309.733552923255,11363.283876972468,0.004734888209225074,13210.5595703125,0.16806992034732193,113097.33552923254,113198.40000000001,0.0008936061163116182,0.9999999999999996,0.9958802669863743,-0.004119733013625226
confirm-033-sphere-size30-sp2.5x0.8x0.8-offset1,confirm,sphere,2.5x0.8x0.8,3.125,12.0,12.00204618808459,4,289,0.029344419705011265,False,anisotropy 3.12 > 3.0,11309.733552923255,11357.522487817641,0.004225469563076789,13228.82421875,0.1696848698376907,113097.33552923254,113155.20000000001,0.0005116342528910245,0.9999999999999996,0.9961319352498196,-0.003868064750179978
confirm-034-ellipsoid-size10-sp2.5x0.8x0.8-rot0,confirm,ellipsoid,2.5x0.8x0.8,3.125,1.8,2.5818321360442202,3,145,0.07101975367365944,False,rho_eff 2.58 < 8.0;anisotropy 3.12 > 3.0,568.773361551602,554.0778616573533,-0.025837180303521334,623.6773681640625,0.09653055210371231,1130.9733552923253,1126.4,-0.004043733896050172,0.9229534383814795,0.9448765864727215,0.023753254692552295
confirm-035-ellipsoid-size10-sp2.5x0.8x0.8-rot1,confirm,ellipsoid,2.5x0.8x0.8,3.125,1.8,2.585494314195492,3,145,0.0709333162263226,False,rho_eff 2.59 < 8.0;anisotropy 3.12 > 3.0,568.773361551602,550.4818987579972,-0.032159492743658036,644.9749755859375,0.1339753567685713,1130.9733552923253,1131.2,0.0002003979197335859,0.9229534383814795,0.9537488177464566,0.03336612453492882
confirm-036-ellipsoid-size10-sp2.5x0.8x0.8-rot2,confirm,ellipsoid,2.5x0.8x0.8,3.125,1.8,2.5952097434365013,3,145,0.07070577587624682,False,rho_eff 2.60 < 8.0;anisotropy 3.12 > 3.0,568.773361551602,553.4352799081406,-0.026966947962575816,676.6716918945312,0.1897035579313786,1130.9733552923253,1144.0,0.011518082761823978,0.9229534383814795,0.95580207000029,0.03559077874655836
confirm-037-ellipsoid-size20-sp2.5x0.8x0.8-rot0,confirm,ellipsoid,2.5x0.8x0.8,3.125,3.6,5.177380462621409,4,289,0.03981638944168625,False,rho_eff 5.18 < 8.0;anisotropy 3.12 > 3.0,2275.093446206408,2270.133076379435,-0.002180292785443183,2540.6083984375,0.11670507542176933,9047.786842338603,9083.2,0.003914013258544458,0.9229534383814795,0.9273821359979483,0.004798397657237219
confirm-038-ellipsoid-size20-sp2.5x0.8x0.8-rot1,confirm,ellipsoid,2.5x0.8x0.8,3.125,3.6,5.173120995077371,4,289,0.039837585755844104,False,rho_eff 5.17 < 8.0;anisotropy 3.12 > 3.0,2275.093446206408,2257.683116259837,-0.007652577952611872,2618.669921875,0.1510164236293181,9047.786842338603,9060.800000000001,0.0014382696993373578,0.9229534383814795,0.930962459816813,0.008677600735069069
confirm-039-ellipsoid-size20-sp2.5x0.8x0.8-rot2,confirm,ellipsoid,2.5x0.8x0.8,3.125,3.6,5.173729919924979,4,289,0.03983455236630712,False,rho_eff 5.17 < 8.0;anisotropy 3.12 > 3.0,2275.093446206408,2251.3400911750005,-0.010440606328067426,2722.589111328125,0.1966933120342338,9047.786842338603,9064.0,0.0017919473506524675,0.9229534383814795,0.9338051910457349,0.011757638265355475
confirm-040-ellipsoid-size40-sp2.5x0.8x0.8-rot0,confirm,ellipsoid,2.5x0.8x0.8,3.125,7.2,10.340910523689637,4,289,0.030175392251048268,False,anisotropy 3.12 > 3.0,9100.373784825631,9133.558074650655,0.0036464754755849427,10105.1474609375,0.11041015455730774,72382.29473870882,72374.40000000001,-0.00010907002516724607,0.9229534383814793,0.9195332706047068,-0.0037056774854972163
confirm-041-ellipsoid-size40-sp2.5x0.8x0.8-rot1,confirm,ellipsoid,2.5x0.8x0.8,3.125,7.2,10.33923378404113,4,289,0.03017643840115684,False,anisotropy 3.12 > 3.0,9100.373784825631,9108.371654047653,0.0008788506286805386,10430.333984375,0.14614346959758984,72382.29473870882,72339.2,-0.0005953767957259659,0.9229534383814793,0.9217769610515726,-0.001274687628846971
confirm-042-ellipsoid-size40-sp2.5x0.8x0.8-rot2,confirm,ellipsoid,2.5x0.8x0.8,3.125,7.2,10.342434360749712,4,289,0.030174441941101346,False,anisotropy 3.12 > 3.0,9100.373784825631,9119.344478621217,0.0020846060001642464,10860.935546875,0.19346037906541902,72382.29473870882,72406.40000000001,0.00033302703897697405,0.9229534383814793,0.921237921211934,-0.0018587255848503403
confirm-043-cylinder-size5-sp2.5x0.8x0.8-rot0,confirm,cylinder,2.5x0.8x0.8,3.125,2.0,2.46809660352326,3,145,0.07389874824988096,False,rho_eff 2.47 < 8.0;anisotropy 3.12 > 3.0,549.7787143782137,490.1630740494266,-0.10843570107331457,550.22412109375,0.0008101563481590635,981.7477042468104,984.0,0.002294169615520092,0.8688859993676283,0.976053446038022,0.12333890377838941
confirm-044-cylinder-size5-sp2.5x0.8x0.8-rot1,confirm,cylinder,2.5x0.8x0.8,3.125,2.0,2.4478653935566954,3,145,0.07445333660336921,False,rho_eff 2.45 < 8.0;anisotropy 3.12 > 3.0,549.7787143782137,486.8582798874718,-0.11444683623647278,593.1119995117188,0.07881950319323283,981.7477042468104,960.0,-0.02215202964339502,0.8688859993676283,0.9666347108813694,0.11249889120653589
confirm-045-cylinder-size5-sp2.5x0.8x0.8-rot2,confirm,cylinder,2.5x0.8x0.8,3.125,2.0,2.462734073638299,3,145,0.07404441828075985,False,rho_eff 2.46 < 8.0;anisotropy 3.12 > 3.0,549.7787143782137,501.3362637779005,-0.08811263392599777,625.7889404296875,0.1382560365899932,981.7477042468104,977.6,-0.004224816853523938,0.8688859993676283,0.9501579350859835,0.09353578694731479
confirm-046-cylinder-size10-sp2.5x0.8x0.8-rot0,confirm,cylinder,2.5x0.8x0.8,3.125,4.0,4.92613983256343,4,289,0.0411622437130216,False,rho_eff 4.93 < 8.0;anisotropy 3.12 > 3.0,2199.114857512855,2050.9121923975513,-0.06739196209283826,2244.09375,0.02045318021179443,7853.981633974483,7824.0,-0.003817380199208742,0.8688859993676283,0.9293007452376161,0.06953126867501291
confirm-047-cylinder-size10-sp2.5x0.8x0.8-rot1,confirm,cylinder,2.5x0.8x0.8,3.125,4.0,4.932846634354903,4,289,0.041123624081833315,False,rho_eff 4.93 < 8.0;anisotropy 3.12 > 3.0,2199.114857512855,2070.9621592658004,-0.058274672561665186,2497.4482421875,0.13566066531515908,7853.981633974483,7856.0,0.000256986343943888,0.8688859993676283,0.922811385545501,0.06206267130224141
confirm-048-cylinder-size10-sp2.5x0.8x0.8-rot2,confirm,cylinder,2.5x0.8x0.8,3.125,4.0,4.932846634354903,4,289,0.041123624081833315,False,rho_eff 4.93 < 8.0;anisotropy 3.12 > 3.0,2199.114857512855,2090.0604552630066,-0.049590134811415054,2567.912109375,0.16770258752162026,7853.981633974483,7856.0,0.000256986343943888,0.8688859993676283,0.9143790337700486,0.05235788634588423
confirm-049-cylinder-size20-sp2.5x0.8x0.8-rot0,confirm,cylinder,2.5x0.8x0.8,3.125,8.0,9.864018562639826,4,289,0.030494782083722312,False,anisotropy 3.12 > 3.0,8796.45943005142,8501.058920695694,-0.03358175089701965,9049.455078125,0.02876107712260567,62831.853071795864,62816.0,-0.00025230947395027403,0.8688859993676283,0.898927397029618,0.03457461356708902
confirm-050-cylinder-size20-sp2.5x0.8x0.8-rot1,confirm,cylinder,2.5x0.8x0.8,3.125,8.0,9.867283713014888,4,289,0.030492436639975026,False,anisotropy 3.12 > 3.0,8796.45943005142,8613.304133276679,-0.02082147916797361,10252.412109375,0.16551576130159784,62831.853071795864,62878.4,0.0007408173709431143,0.8688859993676283,0.8878003875709206,0.02176854986391552
confirm-051-cylinder-size20-sp2.5x0.8x0.8-rot2,confirm,cylinder,2.5x0.8x0.8,3.125,8.0,9.864102311449594,4,289,0.03049472189563492,False,anisotropy 3.12 > 3.0,8796.45943005142,8638.251385213343,-0.01798542312348861,10370.443359375,0.17893380192789454,62831.853071795864,62817.600000000006,-0.00022684468305544936,0.8688859993676283,0.8846656795221159,0.01816081760549948
confirm-052-sphere-size5-sp4x1x1-offset0,confirm,sphere,4.0x1.0x1.0,4.0,1.25,1.2342050461176612,2,49,0.135722352609908,False,rho_eff 1.23 < 8.0;anisotropy 4.00 > 3.0,314.1592653589793,300.2765446311559,-0.04419007254794827,355.8246765136719,0.13262512282451033,523.5987755982989,504.0,-0.037430904180216995,0.9999999999999997,1.0199598407087858,0.019959840708786203
confirm-053-sphere-size5-sp4x1x1-offset1,confirm,sphere,4.0x1.0x1.0,4.0,1.25,1.2374615389060868,2,49,0.13545277665659602,False,rho_eff 1.24 < 8.0;anisotropy 4.00 > 3.0,314.1592653589793,289.4586850935197,-0.07862438892972035,339.1113586425781,0.07942497973149654,523.5987755982989,508.0,-0.029791466911806008,0.9999999999999997,1.0636694381735816,0.06366943817358206
confirm-054-sphere-size10-sp4x1x1-offset0,confirm,sphere,4.0x1.0x1.0,4.0,2.5,2.518015477394961,4,289,0.07469807416146412,False,rho_eff 2.52 < 8.0;anisotropy 4.00 > 3.0,1256.6370614359173,1236.845779877708,-0.01574940145056236,1501.7548828125,0.19505856455999693,4188.790204786391,4280.0,0.021774734649968153,0.9999999999999997,1.0306971746821205,0.030697174682120965
confirm-055-sphere-size10-sp4x1x1-offset1,confirm,sphere,4.0x1.0x1.0,4.0,2.5,2.4854341480762296,3,145,0.07543798047004314,False,rho_eff 2.49 < 8.0;anisotropy 4.00 > 3.0,1256.6370614359173,1234.0545426913493,-0.01797059742831686,1474.763671875,0.1735796413563011,4188.790204786391,4116.0,-0.017377381350638155,0.9999999999999997,1.0064680977162486,0.0064680977162490105
confirm-056-sphere-size20-sp4x1x1-offset0,confirm,sphere,4.0x1.0x1.0,4.0,5.0,5.00842490559545,4,289,0.04712713460027844,False,rho_eff 5.01 < 8.0;anisotropy 4.00 > 3.0,5026.548245743669,5042.875678607274,0.003248239560304622,6007.7626953125,0.19520641235259073,33510.32163829113,33680.0,0.005063465625319008,0.9999999999999994,1.0001241585425573,0.00012415854255798386
confirm-057-sphere-size20-sp4x1x1-offset1,confirm,sphere,4.0x1.0x1.0,4.0,5.0,4.995902300295872,4,289,0.04717394719192168,False,rho_eff 5.00 < 8.0;anisotropy 4.00 > 3.0,5026.548245743669,5025.841297481592,-0.00014064288802473346,5975.1962890625,0.18872753168580791,33510.32163829113,33428.0,-0.002456605435772974,0.9999999999999994,0.9985020239724132,-0.0014979760275862786
confirm-058-sphere-size30-sp4x1x1-offset0,confirm,sphere,4.0x1.0x1.0,4.0,7.5,7.501561702542063,4,289,0.041958122358160786,False,rho_eff 7.50 < 8.0;anisotropy 4.00 > 3.0,11309.733552923255,11387.043786556638,0.006835725463523401,13484.583984375,0.19229899813949247,113097.33552923254,113168.0,0.0006248111013118507,0.9999999999999996,0.9936243540713995,-0.006375645928600071
confirm-059-sphere-size30-sp4x1x1-offset1,confirm,sphere,4.0x1.0x1.0,4.0,7.5,7.505625100787477,4,289,0.04195362226109414,False,rho_eff 7.51 < 8.0;anisotropy 4.00 > 3.0,11309.733552923255,11396.951398573792,0.007711750700616138,13507.814453125,0.1943530225461061,113097.33552923254,113352.0,0.002251728297362421,0.9999999999999996,0.9938363710659526,-0.006163628934046983
confirm-060-ellipsoid-size10-sp4x1x1-rot0,confirm,ellipsoid,4.0x1.0x1.0,4.0,1.125,1.6257782104178669,3,145,0.1038097806090087,False,rho_eff 1.63 < 8.0;anisotropy 4.00 > 3.0,568.773361551602,560.0288059855675,-0.015374411245596131,642.2420654296875,0.12917043737362177,1130.9733552923253,1152.0,0.01859163578813039,0.9229534383814795,0.9489472633005519,0.02816374460303872
confirm-061-ellipsoid-size10-sp4x1x1-rot1,confirm,ellipsoid,4.0x1.0x1.0,4.0,1.125,1.604810383608357,3,145,0.10511410153238349,False,rho_eff 1.60 < 8.0;anisotropy 4.00 > 3.0,568.773361551602,539.155613102958,-0.05207302319477014,662.0450439453125,0.1639874310204461,1130.9733552923253,1108.0,-0.020312905856555208,0.9229534383814795,0.9604243605139846,0.04059893010227622
confirm-062-ellipsoid-size10-sp4x1x1-rot2,confirm,ellipsoid,4.0x1.0x1.0,4.0,1.125,1.6295329078420528,3,145,0.10358151629966733,False,rho_eff 1.63 < 8.0;anisotropy 4.00 > 3.0,568.773361551602,546.627027421213,-0.038937010112383263,677.7064819335938,0.1915228942593663,1130.9733552923253,1160.0,0.0256651888144368,0.9229534383814795,0.9767086099654588,0.058242560619576
confirm-063-ellipsoid-size20-sp4x1x1-rot0,confirm,ellipsoid,4.0x1.0x1.0,4.0,2.25,3.2302480996083727,4,289,0.0602210167185008,False,rho_eff 3.23 < 8.0;anisotropy 4.00 > 3.0,2275.093446206408,2247.826478513995,-0.01198498801791159,2548.744140625,0.12028107894859863,9047.786842338603,9036.0,-0.0013027320983565183,0.9229534383814795,0.933337731726355,0.01125115624801798
confirm-064-ellipsoid-size20-sp4x1x1-rot1,confirm,ellipsoid,4.0x1.0x1.0,4.0,2.25,3.226908106577092,4,289,0.06026745244128313,False,rho_eff 3.23 < 8.0;anisotropy 4.00 > 3.0,2275.093446206408,2226.9855635825033,-0.0211454534775799,2608.45849609375,0.14652806918467887,9047.786842338603,9008.0,-0.004397411547365615,0.9229534383814795,0.9401250853050368,0.01860510640024282
confirm-065-ellipsoid-size20-sp4x1x1-rot2,confirm,ellipsoid,4.0x1.0x1.0,4.0,2.25,3.2134784881980663,4,289,0.06045562744401638,False,rho_eff 3.21 < 8.0;anisotropy 4.00 > 3.0,2275.093446206408,2207.651711487261,-0.029643500943489776,2754.65380859375,0.21078710555251368,9047.786842338603,8896.0,-0.01677612934340189,0.9229534383814795,0.9404811216059809,0.018990863997688123
confirm-066-ellipsoid-size40-sp4x1x1-rot0,confirm,ellipsoid,4.0x1.0x1.0,4.0,4.5,6.459542761156971,4,289,0.0434075574624834,False,rho_eff 6.46 < 8.0;anisotropy 4.00 > 3.0,9100.373784825631,9121.819359795756,0.0023565597938277616,10210.0205078125,0.1219341918501351,72382.29473870882,72256.0,-0.0017448291625007384,0.9229534383814793,0.9197121718224951,-0.0035118419025212955
confirm-067-ellipsoid-size40-sp4x1x1-rot1,confirm,ellipsoid,4.0x1.0x1.0,4.0,4.5,6.463950055341111,4,289,0.04339991448256075,False,rho_eff 6.46 < 8.0;anisotropy 4.00 > 3.0,9100.373784825631,9157.193041939838,0.006243617949951652,10713.001953125,0.17720460790174752,72382.29473870882,72404.0,0.0002998697591660715,0.9229534383814793,0.917409982278559,-0.006006214259997145
confirm-068-ellipsoid-size40-sp4x1x1-rot2,confirm,ellipsoid,4.0x1.0x1.0,4.0,4.5,6.4674002244348054,4,289,0.04339394221701889,False,rho_eff 6.47 < 8.0;anisotropy 4.00 > 3.0,9100.373784825631,9124.75354957734,0.0026789849876673877,11111.533203125,0.2209974519566289,72382.29473870882,72520.0,0.0019024716166886613,0.9229534383814793,0.9216545639304111,-0.0014073022506377875
confirm-069-cylinder-size5-sp4x1x1-rot0,confirm,cylinder,4.0x1.0x1.0,4.0,1.25,1.5039800830762518,3,145,0.11216704373993952,False,rho_eff 1.50 < 8.0;anisotropy 4.00 > 3.0,549.7787143782137,445.58872905576334,-0.18951258496845724,523.1123046875,-0.04850389619189388,981.7477042468104,912.0,-0.07104442816122525,0.8688859993676283,1.0206570028546453,0.17467309128870223
confirm-070-cylinder-size5-sp4x1x1-rot1,confirm,cylinder,4.0x1.0x1.0,4.0,1.25,1.5529413112154995,3,145,0.10857069539102218,False,rho_eff 1.55 < 8.0;anisotropy 4.00 > 3.0,549.7787143782137,491.8742892238001,-0.10532314845965285,636.3462524414062,0.15745887536060432,981.7477042468104,1004.0,0.022666002331282575,0.8688859993676283,0.985793183720041,0.13454835782541918
confirm-071-cylinder-size5-sp4x1x1-rot2,confirm,cylinder,4.0x1.0x1.0,4.0,1.25,1.5383686163831893,3,145,0.10960529174431557,False,rho_eff 1.54 < 8.0;anisotropy 4.00 > 3.0,549.7787143782137,483.6103511164726,-0.12035453816464314,625.227783203125,0.13723534005903137,981.7477042468104,976.0,-0.005854563470784946,0.8688859993676283,0.9839093366147459,0.1323802401360259
confirm-072-cylinder-size10-sp4x1x1-rot0,confirm,cylinder,4.0x1.0x1.0,4.0,2.5,3.1906802127340717,4,289,0.06078053292845229,False,rho_eff 3.19 < 8.0;anisotropy 4.00 > 3.0,2199.114857512855,2180.491917854528,-0.00846837971864245,2412.6513671875,0.09710111727231463,7853.981633974483,8708.0,0.10873699555537963,0.8688859993676283,0.9387326503599578,0.08038643854678695
confirm-073-cylinder-size10-sp4x1x1-rot1,confirm,cylinder,4.0x1.0x1.0,4.0,2.5,3.0788373953521435,4,289,0.06248039026250336,False,rho_eff 3.08 < 8.0;anisotropy 4.00 > 3.0,2199.114857512855,2026.0679364112762,-0.07868935108614139,2542.16162109375,0.15599310895878915,7853.981633974483,7824.0,-0.003817380199208742,0.8688859993676283,0.9406961112014122,0.08264618360296616
confirm-074-cylinder-size10-sp4x1x1-rot2,confirm,cylinder,4.0x1.0x1.0,4.0,2.5,3.086687601171355,4,289,0.062355017684099234,False,rho_eff 3.09 < 8.0;anisotropy 4.00 > 3.0,2199.114857512855,2052.770063301065,-0.06654713541306456,2597.201416015625,0.18102126732616242,7853.981633974483,7884.0,0.003822057069202245,0.8688859993676283,0.9332003565252003,0.07401932728157634
confirm-075-cylinder-size20-sp4x1x1-rot0,confirm,cylinder,4.0x1.0x1.0,4.0,5.0,6.081174016104588,4,289,0.04412695593086132,False,rho_eff 6.08 < 8.0;anisotropy 4.00 > 3.0,8796.45943005142,8152.238423684083,-0.07323639829071227,8763.96875,-0.0036936088104291276,62831.853071795864,60288.0,-0.04048667908758141,0.8688859993676283,0.9120692969059783,0.049699612572625895
confirm-076-cylinder-size20-sp4x1x1-rot1,confirm,cylinder,4.0x1.0x1.0,4.0,5.0,6.166450710579318,4,289,0.04395319699454119,False,rho_eff 6.17 < 8.0;anisotropy 4.00 > 3.0,8796.45943005142,8550.761640499617,-0.027931441224229747,10422.96875,0.184904998753467,62831.853071795864,62860.0,0.0004479722756540738,0.8688859993676283,0.8941195179870443,0.02904123053862162
confirm-077-cylinder-size20-sp4x1x1-rot2,confirm,cylinder,4.0x1.0x1.0,4.0,5.0,6.166450710579318,4,289,0.04395319699454119,False,rho_eff 6.17 < 8.0;anisotropy 4.00 > 3.0,8796.45943005142,8606.351160942395,-0.021611907679532583,10554.4833984375,0.19985586045905324,62831.853071795864,62860.0,0.0004479722756540738,0.8688859993676283,0.8883442859178493,0.022394521910104048
