K,G,m,balance,icc,dist,n_sim,seed,null_n,null_reject,omnibus_reject,alt_n,alt_cover,failures,null_fallback,null_reject_fallback,alt_fallback,alt_cover_fallback,type1,coverage,omnibus_type1,fallback_fraction
2,6,5,balanced,0,normal,20000,20260928,20000,979,979,20000,19003,0,10731,819,10874,10009,0.04895,0.95015,0.04895,0.53655
2,6,5,balanced,0.1,normal,20000,20260928,20000,1004,1004,20000,19022,0,4606,566,4664,4092,0.0502,0.9511,0.0502,0.2303
2,6,5,balanced,0.3,normal,20000,20260928,20000,979,979,20000,19037,0,553,143,516,395,0.04895,0.95185,0.04895,0.02765
2,6,5,balanced,0.7,normal,20000,20260928,20000,943,943,20000,19030,0,3,1,1,0,0.04715,0.9515,0.04715,0.00015
2,6,5,unbalanced,0,normal,20000,20260928,20000,925,1091,20000,19037,0,11188,813,11276,10412,0.04625,0.95185,0.05455,0.5594
2,6,5,unbalanced,0.1,normal,20000,20260928,20000,958,1072,20000,18977,0,4044,508,3945,3390,0.0479,0.94885,0.0536,0.2022
2,6,5,unbalanced,0.3,normal,20000,20260928,20000,1007,1079,20000,18943,0,491,129,457,335,0.05035,0.94715,0.05395,0.02455
2,6,5,unbalanced,0.7,normal,20000,20260928,20000,980,993,20000,18984,0,3,1,1,1,0.049,0.9492,0.04965,0.00015
2,6,40,balanced,0,normal,20000,20260928,20000,1038,1038,20000,19002,0,11160,940,11129,10230,0.0519,0.9501,0.0519,0.558
2,6,40,balanced,0.1,normal,20000,20260928,20000,997,997,20000,19015,0,45,19,41,22,0.04985,0.95075,0.04985,0.00225
2,6,40,balanced,0.3,normal,20000,20260928,20000,1028,1028,20000,18972,0,0,0,0,0,0.0514,0.9486,0.0514,0
2,6,40,balanced,0.7,normal,20000,20260928,20000,1046,1046,20000,19038,0,0,0,0,0,0.0523,0.9519,0.0523,0
2,6,40,unbalanced,0,normal,20000,20260928,20000,987,1182,20000,19021,0,11427,899,11488,10593,0.04935,0.95105,0.0591,0.57135
2,6,40,unbalanced,0.1,normal,20000,20260928,20000,1001,1028,20000,18973,0,53,25,43,29,0.05005,0.94865,0.0514,0.00265
2,6,40,unbalanced,0.3,normal,20000,20260928,20000,910,912,20000,19036,0,0,0,0,0,0.0455,0.9518,0.0456,0
2,6,40,unbalanced,0.7,normal,20000,20260928,20000,982,979,20000,18978,0,0,0,0,0,0.0491,0.9489,0.04895,0
2,6,150,balanced,0,normal,20000,20260928,20000,983,983,20000,19013,0,11203,887,11125,10237,0.04915,0.95065,0.04915,0.56015
2,6,150,balanced,0.1,normal,20000,20260928,20000,961,961,20000,19000,0,0,0,0,0,0.04805,0.95,0.04805,0
2,6,150,balanced,0.3,normal,20000,20260928,20000,1012,1012,20000,18971,0,0,0,0,0,0.0506,0.94855,0.0506,0
2,6,150,balanced,0.7,normal,20000,20260928,20000,1035,1035,20000,18985,0,0,0,0,0,0.05175,0.94925,0.05175,0
2,6,150,unbalanced,0,normal,20000,20260928,20000,983,1162,20000,19090,0,11321,890,11364,10553,0.04915,0.9545,0.0581,0.56605
2,6,150,unbalanced,0.1,normal,20000,20260928,20000,1030,1038,20000,19011,0,1,0,0,0,0.0515,0.95055,0.0519,5e-05
2,6,150,unbalanced,0.3,normal,20000,20260928,20000,958,961,20000,18961,0,0,0,0,0,0.0479,0.94805,0.04805,0
2,6,150,unbalanced,0.7,normal,20000,20260928,20000,1029,1030,20000,19059,0,0,0,0,0,0.05145,0.95295,0.0515,0
2,10,5,balanced,0,normal,20000,20260928,20000,951,951,20000,19023,0,10508,758,10550,9799,0.04755,0.95115,0.04755,0.5254
2,10,5,balanced,0.1,normal,20000,20260928,20000,984,984,20000,18980,0,2931,385,2975,2633,0.0492,0.949,0.0492,0.14655
2,10,5,balanced,0.3,normal,20000,20260928,20000,1003,1003,20000,19024,0,98,23,60,45,0.05015,0.9512,0.05015,0.0049
2,10,5,balanced,0.7,normal,20000,20260928,20000,983,983,20000,18984,0,0,0,0,0,0.04915,0.9492,0.04915,0
2,10,5,unbalanced,0,normal,20000,20260928,20000,955,1070,20000,19028,0,11087,777,11025,10236,0.04775,0.9514,0.0535,0.55435
2,10,5,unbalanced,0.1,normal,20000,20260928,20000,1004,1086,20000,18966,0,2302,300,2251,1944,0.0502,0.9483,0.0543,0.1151
2,10,5,unbalanced,0.3,normal,20000,20260928,20000,999,1018,20000,18999,0,80,19,65,43,0.04995,0.94995,0.0509,0.004
2,10,5,unbalanced,0.7,normal,20000,20260928,20000,976,975,20000,19014,0,0,0,0,0,0.0488,0.9507,0.04875,0
2,10,40,balanced,0,normal,20000,20260928,20000,1032,1032,20000,18989,0,10877,847,10836,10020,0.0516,0.94945,0.0516,0.54385
2,10,40,balanced,0.1,normal,20000,20260928,20000,990,990,20000,19017,0,3,1,1,0,0.0495,0.95085,0.0495,0.00015
2,10,40,balanced,0.3,normal,20000,20260928,20000,1021,1021,20000,19001,0,0,0,0,0,0.05105,0.95005,0.05105,0
2,10,40,balanced,0.7,normal,20000,20260928,20000,1018,1018,20000,19002,0,0,0,0,0,0.0509,0.9501,0.0509,0
2,10,40,unbalanced,0,normal,20000,20260928,20000,908,1015,20000,19043,0,11117,769,11142,10337,0.0454,0.95215,0.05075,0.55585
2,10,40,unbalanced,0.1,normal,20000,20260928,20000,1016,1027,20000,19004,0,1,1,0,0,0.0508,0.9502,0.05135,5e-05
2,10,40,unbalanced,0.3,normal,20000,20260928,20000,982,984,20000,18986,0,0,0,0,0,0.0491,0.9493,0.0492,0
2,10,40,unbalanced,0.7,normal,20000,20260928,20000,989,989,20000,18987,0,0,0,0,0,0.04945,0.94935,0.04945,0
2,10,150,balanced,0,normal,20000,20260928,20000,968,968,20000,18979,0,10922,797,10878,10036,0.0484,0.94895,0.0484,0.5461
2,10,150,balanced,0.1,normal,20000,20260928,20000,971,971,20000,19020,0,0,0,0,0,0.04855,0.951,0.04855,0
2,10,150,balanced,0.3,normal,20000,20260928,20000,1052,1052,20000,18982,0,0,0,0,0,0.0526,0.9491,0.0526,0
2,10,150,balanced,0.7,normal,20000,20260928,20000,945,945,20000,18963,0,0,0,0,0,0.04725,0.94815,0.04725,0
2,10,150,unbalanced,0,normal,20000,20260928,20000,1014,1112,20000,19033,0,11224,855,11130,10322,0.0507,0.95165,0.0556,0.5612
2,10,150,unbalanced,0.1,normal,20000,20260928,20000,982,983,20000,18997,0,0,0,0,0,0.0491,0.94985,0.04915,0
2,10,150,unbalanced,0.3,normal,20000,20260928,20000,982,981,20000,18994,0,0,0,0,0,0.0491,0.9497,0.04905,0
2,10,150,unbalanced,0.7,normal,20000,20260928,20000,1031,1031,20000,18965,0,0,0,0,0,0.05155,0.94825,0.05155,0
2,20,5,balanced,0,normal,20000,20260928,20000,971,971,20000,18975,0,10263,666,10517,9794,0.04855,0.94875,0.04855,0.51315
2,20,5,balanced,0.1,normal,20000,20260928,20000,1053,1053,20000,18996,0,1101,122,1098,985,0.05265,0.9498,0.05265,0.05505
2,20,5,balanced,0.3,normal,20000,20260928,20000,1017,1017,20000,18974,0,1,1,1,1,0.05085,0.9487,0.05085,5e-05
2,20,5,balanced,0.7,normal,20000,20260928,20000,975,975,20000,19001,0,0,0,0,0,0.04875,0.95005,0.04875,0
2,20,5,unbalanced,0,normal,20000,20260928,20000,1026,1067,20000,18990,0,10870,730,10720,9957,0.0513,0.9495,0.05335,0.5435
2,20,5,unbalanced,0.1,normal,20000,20260928,20000,976,1007,20000,18953,0,711,83,696,597,0.0488,0.94765,0.05035,0.03555
2,20,5,unbalanced,0.3,normal,20000,20260928,20000,972,977,20000,18979,0,1,0,0,0,0.0486,0.94895,0.04885,5e-05
2,20,5,unbalanced,0.7,normal,20000,20260928,20000,993,991,20000,19021,0,0,0,0,0,0.04965,0.95105,0.04955,0
2,20,40,balanced,0,normal,20000,20260928,20000,961,961,20000,19010,0,10545,711,10558,9827,0.04805,0.9505,0.04805,0.52725
2,20,40,balanced,0.1,normal,20000,20260928,20000,1016,1016,20000,19040,0,0,0,0,0,0.0508,0.952,0.0508,0
2,20,40,balanced,0.3,normal,20000,20260928,20000,988,988,20000,19032,0,0,0,0,0,0.0494,0.9516,0.0494,0
2,20,40,balanced,0.7,normal,20000,20260928,20000,991,991,20000,19019,0,0,0,0,0,0.04955,0.95095,0.04955,0
2,20,40,unbalanced,0,normal,20000,20260928,20000,1003,1063,20000,18978,0,10839,743,10837,10067,0.05015,0.9489,0.05315,0.54195
2,20,40,unbalanced,0.1,normal,20000,20260928,20000,1012,1017,20000,19027,0,0,0,0,0,0.0506,0.95135,0.05085,0
2,20,40,unbalanced,0.3,normal,20000,20260928,20000,976,975,20000,19029,0,0,0,0,0,0.0488,0.95145,0.04875,0
2,20,40,unbalanced,0.7,normal,20000,20260928,20000,1009,1009,20000,19007,0,0,0,0,0,0.05045,0.95035,0.05045,0
2,20,150,balanced,0,normal,20000,20260928,20000,1006,1006,20000,18996,0,10675,719,10657,9926,0.0503,0.9498,0.0503,0.53375
2,20,150,balanced,0.1,normal,20000,20260928,20000,1006,1006,20000,19027,0,0,0,0,0,0.0503,0.95135,0.0503,0
2,20,150,balanced,0.3,normal,20000,20260928,20000,960,960,20000,19016,0,0,0,0,0,0.048,0.9508,0.048,0
2,20,150,balanced,0.7,normal,20000,20260928,20000,1044,1044,20000,19018,0,0,0,0,0,0.0522,0.9509,0.0522,0
2,20,150,unbalanced,0,normal,20000,20260928,20000,1012,1070,20000,18936,0,10852,754,10912,10103,0.0506,0.9468,0.0535,0.5426
2,20,150,unbalanced,0.1,normal,20000,20260928,20000,1011,1009,20000,18994,0,0,0,0,0,0.05055,0.9497,0.05045,0
2,20,150,unbalanced,0.3,normal,20000,20260928,20000,1009,1010,20000,19037,0,0,0,0,0,0.05045,0.95185,0.0505,0
2,20,150,unbalanced,0.7,normal,20000,20260928,20000,1007,1007,20000,19024,0,0,0,0,0,0.05035,0.9512,0.05035,0
3,6,5,balanced,0,normal,20000,20260928,20000,934,1294,20000,18967,0,10757,741,10773,9945,0.0467,0.94835,0.0647,0.53785
3,6,5,balanced,0.1,normal,20000,20260928,20000,1021,1131,20000,19025,0,3437,416,3433,3056,0.05105,0.95125,0.05655,0.17185
3,6,5,balanced,0.3,normal,20000,20260928,20000,980,979,20000,18987,0,157,34,151,110,0.049,0.94935,0.04895,0.00785
3,6,5,balanced,0.7,normal,20000,20260928,20000,1001,1054,20000,18994,0,0,0,0,0,0.05005,0.9497,0.0527,0
3,6,5,unbalanced,0,normal,20000,20260928,20000,916,1521,20000,19110,0,10991,779,10981,10233,0.0458,0.9555,0.07605,0.54955
3,6,5,unbalanced,0.1,normal,20000,20260928,20000,991,1291,20000,19022,0,2901,362,2888,2518,0.04955,0.9511,0.06455,0.14505
3,6,5,unbalanced,0.3,normal,20000,20260928,20000,986,1097,20000,18960,0,135,31,125,92,0.0493,0.948,0.05485,0.00675
3,6,5,unbalanced,0.7,normal,20000,20260928,20000,1014,1050,20000,18995,0,0,0,0,0,0.0507,0.94975,0.0525,0
3,6,40,balanced,0,normal,20000,20260928,20000,958,1331,20000,19038,0,10908,815,10974,10161,0.0479,0.9519,0.06655,0.5454
3,6,40,balanced,0.1,normal,20000,20260928,20000,1057,1012,20000,19058,0,4,2,4,3,0.05285,0.9529,0.0506,0.0002
3,6,40,balanced,0.3,normal,20000,20260928,20000,1000,989,20000,18975,0,0,0,0,0,0.05,0.94875,0.04945,0
3,6,40,balanced,0.7,normal,20000,20260928,20000,982,1033,20000,18964,0,0,0,0,0,0.0491,0.9482,0.05165,0
3,6,40,unbalanced,0,normal,20000,20260928,20000,983,1572,20000,19100,0,11193,828,11279,10522,0.04915,0.955,0.0786,0.55965
3,6,40,unbalanced,0.1,normal,20000,20260928,20000,1015,1006,20000,18999,0,5,1,5,5,0.05075,0.94995,0.0503,0.00025
3,6,40,unbalanced,0.3,normal,20000,20260928,20000,999,1039,20000,19024,0,0,0,0,0,0.04995,0.9512,0.05195,0
3,6,40,unbalanced,0.7,normal,20000,20260928,20000,991,1033,20000,19007,0,0,0,0,0,0.04955,0.95035,0.05165,0
3,6,150,balanced,0,normal,20000,20260928,20000,954,1286,20000,19045,0,10949,793,10845,10042,0.0477,0.95225,0.0643,0.54745
3,6,150,balanced,0.1,normal,20000,20260928,20000,1016,1054,20000,19018,0,0,0,0,0,0.0508,0.9509,0.0527,0
3,6,150,balanced,0.3,normal,20000,20260928,20000,979,1019,20000,19006,0,0,0,0,0,0.04895,0.9503,0.05095,0
3,6,150,balanced,0.7,normal,20000,20260928,20000,999,985,20000,18985,0,0,0,0,0,0.04995,0.94925,0.04925,0
3,6,150,unbalanced,0,normal,20000,20260928,20000,977,1519,20000,19110,0,11158,815,11249,10473,0.04885,0.9555,0.07595,0.5579
3,6,150,unbalanced,0.1,normal,20000,20260928,20000,992,1000,20000,19004,0,0,0,0,0,0.0496,0.9502,0.05,0
3,6,150,unbalanced,0.3,normal,20000,20260928,20000,973,975,20000,19023,0,0,0,0,0,0.04865,0.95115,0.04875,0
3,6,150,unbalanced,0.7,normal,20000,20260928,20000,1035,981,20000,18956,0,0,0,0,0,0.05175,0.9478,0.04905,0
3,10,5,balanced,0,normal,20000,20260928,20000,983,1099,20000,19022,0,10587,733,10522,9818,0.04915,0.9511,0.05495,0.52935
3,10,5,balanced,0.1,normal,20000,20260928,20000,955,1002,20000,19019,0,1851,224,1902,1699,0.04775,0.95095,0.0501,0.09255
3,10,5,balanced,0.3,normal,20000,20260928,20000,1012,1001,20000,18990,0,7,0,13,10,0.0506,0.9495,0.05005,0.00035
3,10,5,balanced,0.7,normal,20000,20260928,20000,975,943,20000,18949,0,0,0,0,0,0.04875,0.94745,0.04715,0
3,10,5,unbalanced,0,normal,20000,20260928,20000,975,1291,20000,19055,0,10919,744,10835,10119,0.04875,0.95275,0.06455,0.54595
3,10,5,unbalanced,0.1,normal,20000,20260928,20000,1028,1139,20000,18975,0,1347,203,1359,1172,0.0514,0.94875,0.05695,0.06735
3,10,5,unbalanced,0.3,normal,20000,20260928,20000,1035,1059,20000,19044,0,15,5,4,3,0.05175,0.9522,0.05295,0.00075
3,10,5,unbalanced,0.7,normal,20000,20260928,20000,990,1023,20000,18973,0,0,0,0,0,0.0495,0.94865,0.05115,0
3,10,40,balanced,0,normal,20000,20260928,20000,989,1198,20000,19009,0,10736,759,10637,9876,0.04945,0.95045,0.0599,0.5368
3,10,40,balanced,0.1,normal,20000,20260928,20000,1029,1009,20000,19043,0,0,0,0,0,0.05145,0.95215,0.05045,0
3,10,40,balanced,0.3,normal,20000,20260928,20000,984,1010,20000,19057,0,0,0,0,0,0.0492,0.95285,0.0505,0
3,10,40,balanced,0.7,normal,20000,20260928,20000,972,985,20000,18983,0,0,0,0,0,0.0486,0.94915,0.04925,0
3,10,40,unbalanced,0,normal,20000,20260928,20000,962,1310,20000,19053,0,10945,760,10948,10199,0.0481,0.95265,0.0655,0.54725
3,10,40,unbalanced,0.1,normal,20000,20260928,20000,1030,1046,20000,19022,0,0,0,0,0,0.0515,0.9511,0.0523,0
3,10,40,unbalanced,0.3,normal,20000,20260928,20000,972,978,20000,18966,0,0,0,0,0,0.0486,0.9483,0.0489,0
3,10,40,unbalanced,0.7,normal,20000,20260928,20000,942,988,20000,19037,0,0,0,0,0,0.0471,0.95185,0.0494,0
3,10,150,balanced,0,normal,20000,20260928,20000,1015,1197,20000,19007,0,10664,773,10756,9991,0.05075,0.95035,0.05985,0.5332
3,10,150,balanced,0.1,normal,20000,20260928,20000,1008,1020,20000,19023,0,0,0,0,0,0.0504,0.95115,0.051,0
3,10,150,balanced,0.3,normal,20000,20260928,20000,1006,1023,20000,19029,0,0,0,0,0,0.0503,0.95145,0.05115,0
3,10,150,balanced,0.7,normal,20000,20260928,20000,955,1018,20000,18979,0,0,0,0,0,0.04775,0.94895,0.0509,0
3,10,150,unbalanced,0,normal,20000,20260928,20000,1026,1370,20000,19010,0,11017,812,11065,10278,0.0513,0.9505,0.0685,0.55085
3,10,150,unbalanced,0.1,normal,20000,20260928,20000,995,998,20000,18958,0,0,0,0,0,0.04975,0.9479,0.0499,0
3,10,150,unbalanced,0.3,normal,20000,20260928,20000,1021,1027,20000,19057,0,0,0,0,0,0.05105,0.95285,0.05135,0
3,10,150,unbalanced,0.7,normal,20000,20260928,20000,1035,1035,20000,18970,0,0,0,0,0,0.05175,0.9485,0.05175,0
3,20,5,balanced,0,normal,20000,20260928,20000,985,1082,20000,19007,0,10401,631,10288,9630,0.04925,0.95035,0.0541,0.52005
3,20,5,balanced,0.1,normal,20000,20260928,20000,1003,1001,20000,18954,0,491,53,439,387,0.05015,0.9477,0.05005,0.02455
3,20,5,balanced,0.3,normal,20000,20260928,20000,1024,978,20000,18994,0,0,0,0,0,0.0512,0.9497,0.0489,0
3,20,5,balanced,0.7,normal,20000,20260928,20000,1012,1013,20000,19036,0,0,0,0,0,0.0506,0.9518,0.05065,0
3,20,5,unbalanced,0,normal,20000,20260928,20000,1026,1172,20000,19011,0,10643,710,10630,9923,0.0513,0.95055,0.0586,0.53215
3,20,5,unbalanced,0.1,normal,20000,20260928,20000,1059,1116,20000,18958,0,247,23,237,197,0.05295,0.9479,0.0558,0.01235
3,20,5,unbalanced,0.3,normal,20000,20260928,20000,1024,987,20000,18966,0,0,0,0,0,0.0512,0.9483,0.04935,0
3,20,5,unbalanced,0.7,normal,20000,20260928,20000,989,1004,20000,18980,0,0,0,0,0,0.04945,0.949,0.0502,0
3,20,40,balanced,0,normal,20000,20260928,20000,960,1029,20000,18955,0,10557,674,10407,9696,0.048,0.94775,0.05145,0.52785
3,20,40,balanced,0.1,normal,20000,20260928,20000,961,1015,20000,19003,0,0,0,0,0,0.04805,0.95015,0.05075,0
3,20,40,balanced,0.3,normal,20000,20260928,20000,1048,1033,20000,18957,0,0,0,0,0,0.0524,0.94785,0.05165,0
3,20,40,balanced,0.7,normal,20000,20260928,20000,1012,1019,20000,19008,0,0,0,0,0,0.0506,0.9504,0.05095,0
3,20,40,unbalanced,0,normal,20000,20260928,20000,952,1145,20000,18999,0,10806,666,10774,10030,0.0476,0.94995,0.05725,0.5403
3,20,40,unbalanced,0.1,normal,20000,20260928,20000,1053,1061,20000,18981,0,0,0,0,0,0.05265,0.94905,0.05305,0
3,20,40,unbalanced,0.3,normal,20000,20260928,20000,1004,1027,20000,19010,0,0,0,0,0,0.0502,0.9505,0.05135,0
3,20,40,unbalanced,0.7,normal,20000,20260928,20000,1057,1013,20000,19042,0,0,0,0,0,0.05285,0.9521,0.05065,0
3,20,150,balanced,0,normal,20000,20260928,20000,1020,1088,20000,19021,0,10503,716,10599,9915,0.051,0.95105,0.0544,0.52515
3,20,150,balanced,0.1,normal,20000,20260928,20000,1036,1032,20000,18975,0,0,0,0,0,0.0518,0.94875,0.0516,0
3,20,150,balanced,0.3,normal,20000,20260928,20000,993,960,20000,18991,0,0,0,0,0,0.04965,0.94955,0.048,0
3,20,150,balanced,0.7,normal,20000,20260928,20000,990,1008,20000,19034,0,0,0,0,0,0.0495,0.9517,0.0504,0
3,20,150,unbalanced,0,normal,20000,20260928,20000,975,1168,20000,18984,0,10805,702,10748,10032,0.04875,0.9492,0.0584,0.54025
3,20,150,unbalanced,0.1,normal,20000,20260928,20000,979,1036,20000,18993,0,0,0,0,0,0.04895,0.94965,0.0518,0
3,20,150,unbalanced,0.3,normal,20000,20260928,20000,964,998,20000,18977,0,0,0,0,0,0.0482,0.94885,0.0499,0
3,20,150,unbalanced,0.7,normal,20000,20260928,20000,979,1024,20000,19012,0,0,0,0,0,0.04895,0.9506,0.0512,0
